htc_psmid|htc_article_id|htc_author|gift_author|gift_asset_id|atlas_uid
cho_book_1924_0006_000_0000|5|Harold Temperley|Harold Temperley|CFTQLJ588003807|18015652
cho_book_1925_toynbee_000_0000|4|G. M. Gathorne-Hardy||OXPNJF713232407|22232300
cho_book_1927_whyte_000_0000|12|Palmerston|Palmerston|KUJDQH512918880|14002885
cho_book_1927_whyte_000_0000|17|Austen Chamberlain|Austen Chamberlain|ZGNITY213695053|13671062
cho_book_1929_heald_000_0000|4|W. H. Beveridge, Chairman||IFDZJT490572306|13642246
cho_book_1930_latimer_000_0000|4|Philip Kerr||LYTHCI300581005|22247731
cho_book_1931_0000_001_0000|10|Joseph Kitchin|Joseph Kitchin|YCTBTB736723261|22207856
cho_book_1931_0000_001_0000|11|Sir Otto Niemeyer, G. B. E., K. C. B.|Joseph Kitchin|WYHORO177347095|22212476
cho_book_1931_0000_001_0000|12|Dr. M. Palyi|Sir Otto Niemeyer G.B.E., K.C.B.|ENDLER677650555|14854435
cho_book_1931_0000_001_0000|13|C. H. Kisch, C. B.|Dr. M. Palyi|XCZDDS719012329|19094355
cho_book_1931_0000_001_0000|14|C. H. Kisch, C. B.|C. H. Kisch, C.B.|JKEOMI241082687|19094355
cho_book_1931_0000_001_0000|15|The Hon. R. H. Brand, C. M. G.|C. H. Kisch C.B.|MWEBTT341318081|
cho_book_1931_0000_001_0000|16|M. Charles Rist|The Hon. R. H. Brand, C.M.G.|SDIEVG943330743|22207893
cho_book_1931_0000_001_0000|17|Mrs. Annette Henderson B. Sc. (Econ.)|M. Charles Rist|TIRCZB777322352|
cho_book_1931_0000_001_0000|3|Neill Malcolm, Chairman of the Council of the Royal Institute of International Affairs||PJIBLV871358750|13735980
cho_book_1931_0000_001_0000|7|Sir Josiah Stamp, G. B. E.||HPXGKR535776524|18027950
cho_book_1931_0000_001_0000|8|Dennis H. Robertson|Sir Josiah Stamp G.B.E.|PRDUOG578237927|13653683
cho_book_1931_0000_001_0000|9|Joseph Kitchin|Dennis H. Robertson|EIURME812589680|22207856
cho_book_1933_windett_000_0000|4|J. Coatman|J. Coatman|JFPEEF709045199|22232630
cho_book_1933_windett_000_0000|5|D. B. Copland|D. B. Copland|KOIIHH088005721|22207989
cho_book_1933_windett_000_0000|6|Nancy Windett|Nancy Windett|MTMLPV305363796|
cho_book_1934_gathorne_000_0000|4|Eustace Percy|Eustace Percy|QWTXQE427608945|18058138
cho_book_1934_gathorne_000_0000|5|G. M. Gathorne-Hardy|G. M. Gathorne-Hardy|NBRDJV985641199|22232300
cho_book_1934_macartney_000_0000|4|C. A. MacArtney||DOLYOB185980356|14716704
cho_book_1935_hubbard_000_0000|5|G. E. Hubbard||GUKQMJ175778686|22218394
cho_book_1935_hubbard_000_0000|6|Astor||IQWDRW054829373|22247959
cho_book_1936_morrow_000_0000|4|Astor|Ian F. D. Morrow|TXUMOP214167044|
cho_book_1936_morrow_000_0000|5|Ian F. D. Morrow||UKBQDO843533123|21374642
cho_book_1937_cuttwell_000_0000|4|C. R. M. F. C.||OWWWWN272308757|22300285
cho_book_1938_0000_003_0000|4|Astor||KAAUYE150224610|22247959
cho_book_1938_frankel_000_0000|10|S. Herbert Frankel||WOHYXL225975154|17966117
cho_book_1938_frankel_000_0000|5|Hailey||BPTICB063983356|22247720
cho_book_1938_gathorne_000_0000|4|G. M. Gathorne-Hardy|G. M. Gathorne-Hardy|FFYKEL791367629|22232300
cho_book_1938_gathorne_000_0000|5|Rt. Hon. Lord Eustace Percy|Rt. Hon. Lord Eustace Percy|DSOWIB175505213|18058138
cho_book_1938_gathorne_000_0000|6|G. M. Gathorne-Hardy|G. M. Gathorne-Hardy|JXUMGB023887436|22232300
cho_book_1938_hailey_000_0000|4|Lothian||WTXZPZ489073788|22247731
cho_book_1938_palmer_000_0000|5|Gerald E. H. Palmer|Professor A. Berriedale Keith|ATMKKP411660374|14846023
cho_book_1938_palmer_000_0000|7|Professor A. Berriedale Keith||WPOHIW278682647|18064812
cho_book_1939_0000_000_0000|4|Astor|Astor|VKGAOP603446030|22247959
cho_book_1939_0004_000_0000|5|Arnold J. Toynbee||WWWLRH535019773|13681323
cho_book_1940_0000_001_0000|3|Astor, Chairman of the Council||FYLQKR304981122|
cho_book_1941_binchy_000_0000|4|D. A. B.|D. A. B.|WGQSRJ876725650|22234547
cho_book_1941_Kerr_000_0000|6|Edward Grigg|Edward Grigg|GRPZTI283150880|22220332
cho_book_1941_omalley_000_0000|5|L. S. S. O'm||SRLYZC844897531|22297005
cho_book_1942_0000_001_0000|5|Astor||WNLBSC867268001|22247959
cho_book_1942_0000_002_0000|10|M. N. Momtchiloff|M. N. Momtchiloff|HPPBXM204949510|22297150
cho_book_1942_0000_002_0000|10|M. N. Momtchiloff|M. N. Momtchiloff|HPPBXM204949510|22300956
cho_book_1942_0000_002_0000|10|D. B. Halpern|M. N. Momtchiloff|HPPBXM204949510|
cho_book_1942_0000_002_0000|11|Dr. P. N. Rosonstoin-Rodan|Dr. P. N. Rosonstoin-Rodan|SUREJP202911856|14327818
cho_book_1942_0000_002_0000|11|Dr. P. N. Rosonstoin-Rodan|Dr. P. N. Rosonstoin-Rodan|SUREJP202911856|14327818
cho_book_1942_0000_002_0000|11|K. Mandelbaum|Dr. P. N. Rosonstoin-Rodan|SUREJP202911856|22300819
cho_book_1942_0000_002_0000|12|F. A. Burchardt|Mr. Otto Poppor|SJGJXB572201197|22300474
cho_book_1942_0000_002_0000|12|Mr. Otto Popper|Mr. Otto Poppor|SJGJXB572201197|
cho_book_1942_0000_002_0000|12|Mr. Otto Poppor|Mr. Otto Poppor|SJGJXB572201197|
cho_book_1942_0000_002_0000|13|E. F. Schumacher|Dr. C. C. Gischlor|KNWTVP385541281|13696276
cho_book_1942_0000_002_0000|13|Dr. C. C. Gischlor|Dr. C. C. Gischlor|KNWTVP385541281|
cho_book_1942_0000_002_0000|13|Dr. C. C. Gischlor|Dr. C. C. Gischlor|KNWTVP385541281|
cho_book_1942_0000_002_0000|14|Sir Osborne Mance K. B. E., C. E., C. M. G., D. S. O.|Sir Osborne Mance K. B. E., C. E., C. M. G., D. S. O.|XQFXXT560842059|22213761
cho_book_1942_0000_002_0000|14|Sir Osborne Mance K. B. E., C. E., C. M. G., D. S. O.|Sir Osborne Mance K. B. E., C. E., C. M. G., D. S. O.|XQFXXT560842059|22213761
cho_book_1942_0000_002_0000|14|A. G. B. Fisher|Sir Osborne Mance K. B. E., C. E., C. M. G., D. S. O.|XQFXXT560842059|13605011
cho_book_1942_0000_002_0000|15|Dr. H. J. Van Mook|Dr. H. J. Van Mook|KRZKCS063734885|22219078
cho_book_1942_0000_002_0000|15|T. Balogh|Dr. H. J. Van Mook|KRZKCS063734885|14386212
cho_book_1942_0000_002_0000|15|Dr. H. J. Van Mook|Dr. H. J. Van Mook|KRZKCS063734885|22219078
cho_book_1942_0000_002_0000|16|Dr. A. J. Brown|Dr. A. J. Brown|JQLVKJ005453074|14523450
cho_book_1942_0000_002_0000|16|Dr. A. J. Brown|Dr. A. J. Brown|JQLVKJ005453074|14523450
cho_book_1942_0000_002_0000|17|Mr. K. Getz Wold|Mr. K. Getz Wold|LRJVSN215030784|22297329
cho_book_1942_0000_002_0000|17|Mr. K. Getz Wold|Mr. K. Getz Wold|LRJVSN215030784|22297329
cho_book_1942_0000_002_0000|19|Sir Harold Hartley C. B. E., M. C., F. R. S.||VDNOXK637995390|22299173
cho_book_1942_0000_002_0000|20|M. N. Momtchiloff||TOIBWZ844854071|22300956
cho_book_1942_0000_002_0000|21|Dr. P. N. Rosonstein-Rodan||CCZHHZ275326309|14327818
cho_book_1942_0000_002_0000|22|Mr. Otto Popper||FUSLCU642836310|
cho_book_1942_0000_002_0000|3|J. E. Wheeler||LFJSFR685075557|
cho_book_1942_0000_002_0000|5|K. Mandelbaum||UXOZVH694288585|22300819
cho_book_1942_0000_002_0000|6|M. J. Elsas||BZREYM513381085|
cho_book_1942_0000_002_0000|6|Sir Frederick Whyte K. C. S. I.||BZREYM513381085|22212472
cho_book_1942_0000_002_0000|7|K. Forchheimer||DJLZBQ566917604|
cho_book_1942_0000_002_0000|8|M. M. Walker||HHZHZV177121924|
cho_book_1942_0000_002_0000|9|Sir Harold Hartley C. B. E., M. C., F. R. S.|Sir Harold Hartley C. B. E., M. C., F. R. S.|PYFCAP713535136|22299173
cho_book_1942_0000_002_0000|9|Sir Harold Hartley C. B. E., M. C., F. R. S.|Sir Harold Hartley C. B. E., M. C., F. R. S.|PYFCAP713535136|22299173
cho_book_1942_0000_002_0000|9|H. Frankel|Sir Harold Hartley C. B. E., M. C., F. R. S.|PYFCAP713535136|
cho_book_1942_0001_000_0000|4|Astor|Astor|RVOGDY160365754|
cho_book_1942_0001_000_0000|5|N. H. B.|N. H. B.|XZHGEN859630087|22223281
cho_book_1942_gathorne_000_0000|4|G. M. Gathorne-Hardy|G. M. Gathorne-Hardy|NBWOEU591531140|22232300
cho_book_1942_gathorne_000_0000|5|The Rt. Hon. Lord Eustace Percy|The Rt. Hon. Lord Eustace Percy|HVPISV330910372|18058138
cho_book_1942_gathorne_000_0000|6|G. M. Gathorne-Hardy|G. M. Gathorne-Hardy|KOYIDJ284839854|22232300
cho_book_1942_gibberd_000_0000|6|K. G.|K. G.|NKUVAG727613692|22295866
cho_book_1942_kaeckenbeeck_000_0000|5|G. K.||LKOYMK100622844|22345386
cho_book_1942_mackenzie_000_0000|6|M. D. M.||CWTSVF064693857|22251260
cho_book_1942_maurice_000_0000|4|F. Maurice||OFVTGC095200427|22293731
cho_book_1943_0000_000_0000|5|Astor||PULDZX735363841|22247959
cho_book_1943_jordan_000_0000|4|Professor C. K. Webster|Professor C. K. Webster|EOZZEL531185356|18078408
cho_book_1943_jordan_000_0000|6|W. M. Jordan|W. M. Jordan|CGASMK595694276|
cho_book_1943_mance_001_0000|5|H. O. Mance||HQUHNN507898393|22213761
cho_book_1943_mance_002_0000|5|H. O. Mance||TTMVTP369432404|22213761
cho_book_1943_mance_004_0000|5|H. O. Mance||ENNMNN637939943|22213761
cho_book_1943_maurice_000_0000|4|F. Maurice|F. Maurice|VMPYTE856049625|22293731
cho_book_1943_walker_000_0000|13|W. B. E.|W. B. E.|AOPCXT237135612|
cho_book_1943_walker_000_0000|14|W. B. E.|W. B. E.|CPLSVU849543995|
cho_book_1943_walker_000_0000|16|W. B. E.|W. B. E.|LYJOMF206034840|
cho_book_1943_walker_000_0000|6|Eric A. Walker|Eric A. Walker|RIGHZE505456791|15002094
cho_book_1943_walker_000_0000|7|W. B. E.|W. B. E.|TRKONW390209487|
cho_book_1944_0000_000_0000|6|Astor|Astor|WWGRTF049370804|22247959
cho_book_1944_0000_000_0000|7|Sir E. John Russell O. B. E., D. Sc., F. R. S.|Sir E. John Russell O. B. E., D. Sc., F. R. S.|XGBKVU110888024|18072083
cho_book_1944_0000_000_0000|9|Professor R. W. Seton-Watson|Professor R. W. Seton-Watson|ECPRAW848405929|18029165
cho_book_1944_0000_003_0000|10|Roger Hird|Roger Hird|OWXIMX595874658|
cho_book_1944_0000_003_0000|5|Dr Clive C. Bradley|Dr Clive C. Bradley|TRYYZX880124734|
cho_book_1944_0000_003_0000|6|Professor A. R. Colclough|Professor A. R. Colclough|GBBIMB008612800|
cho_book_1944_0000_003_0000|7|Siemon Smid|Siemon Smid|AYFHKS206339384|
cho_book_1944_0000_003_0000|8|Tomihiro Taniguchi|Tomihiro Taniguchi|DIYLFJ583011379|22299798
cho_book_1944_0000_003_0000|9|Dr. Bill Barlow|Dr. Bill Barlow|JGPJCX793417587|
cho_book_1944_0000_004_0000|5|Astor||IZIILQ704623824|
cho_book_1944_leubusher_000_0000|4|Charlotte Leubuscher||CISWZD879439956|22303512
cho_book_1944_marston_000_0000|4|F. S. Marston|F. S. Marston|TKLZSU671291451|
cho_book_1944_marston_000_0000|6|Professor C. K. Webster|Professor C. K. Webster|DJKMSZ329336991|18078408
cho_book_1945_0000_000_0000|4|A. V. Hill|A. V. Hill|ZUEECD408687322|
cho_book_1945_0000_000_0000|5|Astor|Astor|OQXKUR315255649|22247959
cho_book_1945_0000_002_0000|4|Astor||ASKSTW138747498|22247959
cho_book_1945_cobban_000_0000|4|A. Cobban||KYBMIN215976563|14580320
cho_book_1945_mackay_000_0000|5|Campbell Stuart|Campbell Stuart|RMVZYN302537162|22300288
cho_book_1945_price_000_0000|4|J. P.||RUWQSZ677283130|22219706
cho_book_1946_almada_000_0000|10|José De Almada|José De Almada|DJMTUF863406410|22294904
cho_book_1946_almada_000_0000|11|Lord Hailey|Lord Hailey|JINQWW420347038|22247720
cho_book_1946_almada_000_0000|6|Viscount Astor|Viscount Astor|ECGHQX773238890|22247959
cho_book_1946_almada_000_0000|7|H. Laurentie|H. Laurentie|ORWUMO902480484|22222557
cho_book_1946_almada_000_0000|8|A. M. Joekes|A. M. Joekes|RVRUQH944003758|22293096
cho_book_1946_almada_000_0000|9|Robert Godding|Robert Godding|RNMSRG022078664|22221309
cho_book_1946_gibberd_000_0000|5|K. G.||IIUVAI853801340|22295866
cho_book_1946_mackay_000_0000|10|S. A. Saunders||XXFKDS373113606|22302092
cho_book_1946_mackay_000_0000|10|R. A. MacKay||XXFKDS373113606|14742751
cho_book_1946_mackay_000_0000|27|G. S. Watts||YRUHDH643527728|
cho_book_1946_mackay_000_0000|33|A. M. Fraser||VLGRIA649114225|22300262
cho_book_1946_mackay_000_0000|38|A. M. Fraser||PPPGWH163779126|22300262
cho_book_1946_mackay_000_0000|4|R. A. MacKay|Campbell Stuart|ZKLYDV105088108|14742751
cho_book_1946_mackay_000_0000|43|A. M. Fraser||KCBJGN225783719|22300262
cho_book_1946_mackay_000_0000|5|Campbell Stuart||OJPJQU570475827|22300288
cho_book_1946_mance_000_0000|5|H. O. Mance||WDFYTP839908505|22213761
cho_book_1946_miniopaluello_000_0000|5|W. D. Ross|W. D. Ross|PZZBFG926491483|
cho_book_1946_pim_000_0000|4|G. E. Hubbard||TTJLDO446747007|22218394
cho_book_1947_Brady_001_0000|4|A. B.|A. B.|RRBFLV928045717|14551571
cho_book_1947_brady_002_0000|4|A. B.|A. B.|EAJXWH432762246|14551571
cho_book_1947_brady_002_0000|6|Alexander Brady||FSLJNH490359133|14551571
cho_book_1947_frost_000_0000|19|Professor A. G. B. Fisher|Professor A. G. B. Fisher|VZEQYM041324531|13605011
cho_book_1947_frost_000_0000|22|Professor K. H. Bailey|Professor K. H. Bailey|VKLQRO789759474|22236987
cho_book_1947_frost_000_0000|4|Richard Frost|Richard Frost|LEJYQP351426569|22301754
cho_book_1947_hourani_000_0000|4|A. H. H.|A. H. H.|MVXYHB441339428|14499436
cho_book_1947_issawi_000_0000|4|H. A. R. Gibb||TUBRDK186145205|14569912
cho_book_1948_0000_002_0000|10|Univ. Doz. Dr. Elisabeth Liefmann-Keil|Prof. Dr. Bernhard Pfister|RXWRCY616187307|22305000
cho_book_1948_0000_002_0000|10|Prof. Dr. Bernhard Pfister|Prof. Dr. Bernhard Pfister|RXWRCY616187307|
cho_book_1948_0000_002_0000|12|Stanislaw Edward Nahlik|Stanislaw Edward Nahlik|UEWUZL400291950|22304985
cho_book_1948_0000_002_0000|13|Wlodzimierz Glowacki|Wlodzimierz Glowacki|TCEVJI516417210|22305024
cho_book_1948_0000_002_0000|14|Pierre Grappin|Pierre Grappin|CFHRYV356970110|
cho_book_1948_0000_002_0000|15|Marek St. Korowicz|Marek St. Korowicz|BPAKGC907629758|22303846
cho_book_1948_0000_002_0000|17|Hjalmar Hegge|Hjalmar Hegge|VUQRGG604055159|22303662
cho_book_1948_0000_002_0000|18|S. S. Nilson|S. S. Nilson|FRRJJX119219470|
cho_book_1948_0000_002_0000|19|Professeur à l'Universitè de Louvain|Monsieur l'Abbè Andrè Wylleman|ADQJVU341876590|
cho_book_1948_0000_002_0000|19|Monsieur l'Abbè Andrè Wylleman|Monsieur l'Abbè Andrè Wylleman|ADQJVU341876590|22304649
cho_book_1948_0000_002_0000|2|Louis Saillant|Louis Saillant|UEYVXF579160927|
cho_book_1948_0000_002_0000|20|Ivar Follestad|Ivar Follestad|BYENNY217513312|22303668
cho_book_1948_0000_002_0000|3|Monsieur Jean Rey|Monsieur Jean Rey|XMAUKQ073856664|22300626
cho_book_1948_0000_002_0000|4|Monsieur Daniel Ryelandt|Monsieur Daniel Ryelandt|DUEEEK053992941|
cho_book_1948_0000_002_0000|5|Monsieur W. Marichal|Monsieur W. Marichal|ATTHTD961653140|
cho_book_1948_0000_002_0000|6|Paul M. G. Levy|Paul M. G. Levy|SENKMN601125279|22304654
cho_book_1948_0000_002_0000|9|Dr. J. J. Schokking|Prof. Dr. J. Plessner|AZWCDQ503537774|22217004
cho_book_1948_0000_002_0000|9|Prof. Dr. J. Plessner|Prof. Dr. J. Plessner|AZWCDQ503537774|
cho_book_1948_0000_003_0000|10|E. Kardelj|J. B. Tito|LSKPPL673643394|22300396
cho_book_1948_0000_003_0000|10|J. B. Tito|J. B. Tito|LSKPPL673643394|13008194
cho_book_1948_0000_003_0000|10|J. V. Stalin|J. B. Tito|LSKPPL673643394|13004080
cho_book_1948_0000_003_0000|10|V. M. Molotov|J. B. Tito|LSKPPL673643394|13023240
cho_book_1948_0000_003_0000|6|J. B. Tito|J. B. Tito|LNOPYT591879297|13008194
cho_book_1948_0000_003_0000|6|V. M. Molotov|J. B. Tito|LNOPYT591879297|13023240
cho_book_1948_0000_003_0000|8|E. Kardelj|J. B. Tito|UIYUXZ009190973|22300396
cho_book_1948_0000_003_0000|8|V. M. Molotov|J. B. Tito|UIYUXZ009190973|13023240
cho_book_1948_0000_003_0000|8|J. V. Stalin|J. B. Tito|UIYUXZ009190973|13004080
cho_book_1948_0000_003_0000|8|J. B. Tito|J. B. Tito|UIYUXZ009190973|13008194
cho_book_1948_0001_002_0000|1|Noel Matthews|Noel Matthews|FBKUYV046911380|
cho_book_1948_0001_002_0000|10|C. R. S. Harris|C. R. S. Harris|DLENJX628905182|22216837
cho_book_1948_0001_002_0000|12|Margaret Dewar|Margaret Dewar|OKSZLD898453443|22297240
cho_book_1948_0001_002_0000|13|E. Fleming|E. Fleming|OHAYDY249974177|
cho_book_1948_0001_002_0000|14|Henry Victor Dicks M. A., M. D., F. R. C. P.|Henry Victor Dicks M. A., M. D., F. R. C. P.|BBKWAI342769278|14944714
cho_book_1948_0001_002_0000|15|Harry Walston|Harry Walston|ZDUXKJ403956597|22223894
cho_book_1948_0001_002_0000|16|C. R. S. Harris|C. R. S. Harris|SAWILQ193315694|22216837
cho_book_1948_0001_002_0000|17|C. R. S. Harris|C. R. S. Harris|YHGVLY365274035|22216837
cho_book_1948_0001_002_0000|18|Christopher Holme|Noel Matthews|HCPFDA525682638|21393109
cho_book_1948_0001_002_0000|18|Noel Matthews|Noel Matthews|HCPFDA525682638|
cho_book_1948_0001_002_0000|19|Stanley Paul Chambers C. B., C. I. E.|Stanley Paul Chambers C. B., C. I. E.|GPQUAE718155399|22304997
cho_book_1948_0001_002_0000|2|M. D. McLachlan|M. D. McLachlan|LWJNSS440581885|
cho_book_1948_0001_002_0000|20|R. G. H.|Professor Ralph George Hawtrey C. B., F. B. A.|RCRRDG239058677|
cho_book_1948_0001_002_0000|20|Professor Ralph George Hawtrey C. B., F. B. A.|Professor Ralph George Hawtrey C. B., F. B. A.|RCRRDG239058677|14536297
cho_book_1948_0001_002_0000|22|Noel Matthews|Noel Matthews|EZYLYG090940009|
cho_book_1948_0001_002_0000|3|M. Peeters|M. Peeters|UMHJCX045151220|
cho_book_1948_0001_002_0000|4|M. Louis F. Aubert|M. Louis F. Aubert|IITWHW881478333|
cho_book_1948_0001_002_0000|5|M. le Professeur Bidwell|M. le Professeur Bidwell|SMPGNL916032286|14452047
cho_book_1948_0001_002_0000|6|H. C. Holme|H. C. Holme|IPYCHT709500856|22263371
cho_book_1948_0001_002_0000|7|B. H. Clapham|B. H. Clapham|XKPTMJ069361575|
cho_book_1948_0001_002_0000|8|Z. Slawinski|Z. Slawinski|EHAAPW751652916|
cho_book_1948_0001_002_0000|8|E. Fleming|Z. Slawinski|EHAAPW751652916|
cho_book_1948_0001_002_0000|9|C. R. S. Harris|C. R. S. Harris|TWBLIS271223640|22216837
cho_book_1948_kuczynski_000_0000|4|R. R. Kuczynski||ZWLNXW101743255|17593735
cho_book_1948_mansergh_000_0000|5|N. M.|N. M.|IUNZYE132309631|14764405
cho_book_1948_marris_000_0000|3|A. D. Marris C. M. G.|A. D. Marris C. M. G.|DPHHYX239526569|22248181
cho_book_1948_meyer_000_0000|5|F. V. Meyer||RTSTNI583699441|15667978
cho_book_1948_purcell_000_0000|5|Victor Purcell||PHEOTQ699550665|14323355
cho_book_1948_wakefield_000_0000|5|Sir Paul Butler K.C.M.G.|Sir Paul Butler K.C.M.G.|VZECDN777721667|
cho_book_1948_warriner_000_0000|6|Doreen Warriner||XEMVPC204573900|22221889
cho_book_1949_aubert_000_0000|11|Louis F. Aubert|Louis F. Aubert|FRTNJD794577281|
cho_book_1949_aubert_000_0000|5|Louis F. Aubert|Louis F. Aubert|SWYAOC506054369|
cho_book_1949_aubert_000_0000|6|Louis F. Aubert|Louis F. Aubert|TNZFXQ477981486|
cho_book_1949_aubert_000_0000|7|Louis F. Aubert|Louis F. Aubert|ANOKYJ698811028|
cho_book_1949_aubert_000_0000|8|Michael Zvegintzov|Michael Zvegintzov|GSRRZF068114882|22223896
cho_book_1949_aubert_000_0000|9|William Diebold, Jr.|William Diebold, Jr.|MRGSGC281121095|14966241
cho_book_1949_beloff_000_0000|4|Max Beloff|Max Beloff|IFQQBX619962043|14294784
cho_book_1949_bidwell_000_0000|10|R. G. Hawtrey|R. G. Hawtrey|MJEAXG394791586|14536297
cho_book_1949_bidwell_000_0000|6|Percy W. Bidwell|Percy W. Bidwell|MKNDAO215967221|14452047
cho_book_1949_bidwell_000_0000|7|Percy W. Bidwell|Percy W. Bidwell|IMDTXL647607333|14452047
cho_book_1949_bidwell_000_0000|8|Tadeusz Lychowski|Tadeusz Lychowski|MHDAYM274778412|22299468
cho_book_1949_bidwell_000_0000|9|J. Van Helmont|J. Van Helmont|DUOITJ512197309|22294536
cho_book_1949_hawtrey_000_0000|5|Astor|R. G. Hawtrey|XSGHDD970627839|
cho_book_1949_hawtrey_000_0000|6|R. G. Hawtrey||QOJNOJ365382182|14536297
cho_book_1949_humphreys_000_0000|4|R. A. H.||DKMBGK181685820|14549112
cho_book_1949_jones_000_0000|6|F. C. Jones|F. C. Jones|ZDPJXN878710433|22236189
cho_book_1949_latham_000_0000|4|W. K. Hancock||SJDYWN420784441|13632268
cho_book_1949_latham_000_0000|6|R. T. E. Latham||GWRAEI144973613|22298844
cho_book_1949_liddell_000_0000|5|Helen Liddell|Helen Liddell|FGEXPI663200246|22221980
cho_book_1949_liddell_000_0000|6|Edmond Vermeil|Edmond Vermeil|DPXXEA281838297|22236262
cho_book_1949_liddell_000_0000|7|Edmond Vermeil|Edmond Vermeil|HZGOWA540963478|22236262
cho_book_1949_liddell_000_0000|8|Bogdan Suchodolski|Bogdan Suchodolski|ETWSDK917804323|22293137
cho_book_1949_liddell_000_0000|9|Helen Liddell|Helen Liddell|AOMBVO141770711|22221980
cho_book_1949_vermeil_000_0000|10|K. J. Hahn|K. J. Hahn|ZORXNI900067815|
cho_book_1949_vermeil_000_0000|11|Gabriel Le Bras|Gabriel Le Bras|LNFVKB248022493|18028772
cho_book_1949_vermeil_000_0000|6|E. Vermeil|E. Vermeil|DCARIT425563966|22236262
cho_book_1949_vermeil_000_0000|7|E. Vermeil|E. Vermeil|YMWIKA357931887|22236262
cho_book_1949_vermeil_000_0000|9|G. Le Bras|G. Le Bras|FHICVO534555251|18028772
cho_book_1950_0000_000_0000|10|Laurence A. Steinhardt||TQHRPH497911853|14915924
cho_book_1950_0000_000_0000|10|L. B. Pearson||TQHRPH497911853|13715927
cho_book_1950_0000_001_0000|7|Elizabeth Monroe||GTQKQA989848555|14763187
cho_book_1950_0000_002_0000|5|Clement Jones|Professor Sir Charles Webster K.C.M.G., Litt.D., F.B.A.|UDAQMP755756269|22291986
cho_book_1950_0000_002_0000|6|Professor Sir Charles Webster K. C. M. G., Litt. D., F. B. A.|Major General Sir Ian Jacob K.B.E., C.B.|QIIYBH886324590|18078408
cho_book_1950_0000_003_0000|4|Albert V. Fowler|Albert V. Fowler|CEWWEG564539058|18065236
cho_book_1950_0000_003_0000|5|Arnold J. Toynbee|Arnold J. Toynbee|FFMVCR899496440|13681323
cho_book_1950_belshaw_001_0000|6|Cyril S. Belshaw||UHWPAB110915388|13503121
cho_book_1950_betts_000_0000|10|Brian Ireland||DHXXQL321756784|
cho_book_1950_betts_000_0000|11|R. R. Betts||AKQATF901178641|17956670
cho_book_1950_betts_000_0000|12|R. R. Betts|R. R. Betts|VPYBUO559706835|17956670
cho_book_1950_betts_000_0000|5|R. R. Betts|R. R. Betts|YZZBKY661706377|17956670
cho_book_1950_betts_000_0000|6|E. D. Tappe||LFIHXP721357164|18019968
cho_book_1950_betts_000_0000|7|Phyllis Auty||KWGTIL876649393|14335575
cho_book_1950_betts_000_0000|8|Phyllis Auty||SYLHYT981288700|14335575
cho_book_1950_betts_000_0000|9|Elizabeth Wiskemann||CDMILL675654383|15032141
cho_book_1950_deruselt_000_0000|5|Alan De Rusett||SMLTSY407442982|22318814
cho_book_1950_hawtrey_000_0000|4|R. G. Hawtrey||FISHEV275564558|14536297
cho_book_1950_mclachlan_000_0000|4|Major General Sir Ian Jacob K. B. E., C. B.||VSQOAX195190407|22208019
cho_book_1950_mclachlan_000_0000|5|Major General Sir Ian Jacob K.B.E., C.B.|Major General Sir Ian Jacob K.B.E., C.B.|UAYPFA813295704|22208019
cho_book_1950_rothschild_000_0000|5|K. W. Rothschild||TVDHPA068112500|14872981
cho_book_1950_soward_001_0000|6|F. H. Soward|The Right Hon. R. A. Butler, M.P.|XSUPSV014350721|22236312
cho_book_1950_soward_001_0000|7|The Right Hon. R. A. Butler M. P.|Professor Nicholas Mansergh|GLLEIF285244574|13016702
cho_book_1950_soward_001_0000|8|Professor Nicholas Mansergh|F. H. Soward|MJCARN618579546|14764405
cho_book_1950_soward_001_0000|9|F. H. Soward||SCXDPH714201345|22236312
cho_book_1951_0000_000_0000|5|G. M. Gathorne-Hardy||WLGIMR489811254|22232300
cho_book_1951_0000_000_0000|5|G. Turville-Petre||WLGIMR489811254|14993555
cho_book_1951_0000_000_0000|5|Agnes H. Hicks||WLGIMR489811254|
cho_book_1951_0000_000_0000|5|A. G. Spencer||WLGIMR489811254|
cho_book_1951_0001_000_0000|174|Jane Degras||RSYUYG035564290|22294526
cho_book_1951_0001_000_0000|178|J. D.||WHLXZG672523514|22294526
cho_book_1951_0001_000_0000|4|J. D.|J. D.|DGFAFD742426580|22294526
cho_book_1951_0001_000_0000|48|Chicherin|Chicherin|UXXNPO199139133|13697203
cho_book_1951_0001_002_0000|5|J. E. Meade|J. E. Meade|JTYFJP706914748|14810867
cho_book_1951_dewar_000_0000|5|M. D.||MONASJ179629394|
cho_book_1951_khadduri_000_0000|4|Majid Khadduri|Majid Khadduri|VBDVTJ339769627|14592210
cho_book_1951_plant_000_0000|5|G. F. P.|G. F. P.|MUSSRG157620408|22300519
cho_book_1951_plant_000_0000|6|G. F. P.||EUCIJK279939011|22300519
cho_book_1951_taylor_000_0000|4|O. R. T.|O. R. T.|MPGLFV341664375|
cho_book_1952_0002_000_0000|4|Heather J. Harvey|Heather J. Harvey|DWVIOC500540839|
cho_book_1952_0002_001_0000|4|J. D.|J. D.|ZJWSBA037786820|22294526
cho_book_1952_kemaeny_000_0000|5|R. G. Hawtrey|G. K.|KKDNMA479439990|14536297
cho_book_1952_kemaeny_000_0000|6|G. K.||HVKYVW432472315|22294485
cho_book_1952_pendle_000_0000|4|G. P.|G. P.|PDLRSF959177780|14862490
cho_book_1952_smith_000_0000|4|Frank W. Notestein|Frank W. Notestein|UZSBZU891871854|14800612
cho_book_1952_smith_000_0000|6|T. E. S.|T. E. S.|QLDZVM842740765|14929123
cho_book_1952_walters_000_0000|4|F. P. W.|F. P. W.|FBJIOE813072264|22236062
cho_book_1953_beloff_000_0000|14|Joseph Frankel|Joseph Frankel|OYWLWT337905683|14497519
cho_book_1953_beloff_000_0000|4|Max Beloff|Max Beloff|XXYZZA241220741|14294784
cho_book_1953_degras_000_0000|124|N. [V.] Molotov|K. Voroshilov|PTUNCQ100762944|13023240
cho_book_1953_degras_000_0000|124|J. Stalin|K. Voroshilov|PTUNCQ100762944|13004080
cho_book_1953_degras_000_0000|124|K. Voroshilov|K. Voroshilov|PTUNCQ100762944|13725836
cho_book_1953_degras_000_0000|207|V. Molotov|V. Molotov|HEHDDL324791948|13023240
cho_book_1953_degras_000_0000|219|V. Molotov|V. Molotov|CKMIIT355514460|13023240
cho_book_1953_degras_000_0000|219|J. Von Ribbentrop|V. Molotov|CKMIIT355514460|13718862
cho_book_1953_degras_000_0000|222|Jouzas Urbsys|V. Molotov|YVBUCM202465982|22300794
cho_book_1953_degras_000_0000|222|V. Molotov|V. Molotov|YVBUCM202465982|13023240
cho_book_1953_donnison_000_0000|5|F. S. V. D.||GSBCKJ065210568|14989181
cho_book_1953_longrigg_000_0000|4|S. H. L.||UWILID109116663|14718837
cho_book_1953_pickles_000_0000|5|D. M. P.|D. M. P.|SLUMDO912579579|14834942
cho_book_1954_0000_000_0000|100|M. Mzali|M. Mzali|KGGYUC970386335|22306202
cho_book_1954_0000_000_0000|101|M. Pierre Mendes-France|M. Pierre Mendes-France|FUTRZU183502229|13742872
cho_book_1954_0000_000_0000|103|Sir Winston Churchill|Eisenhower|WKQBYD413796807|13020086
cho_book_1954_0000_000_0000|103|Eisenhower|Eisenhower|WKQBYD413796807|13029039
cho_book_1954_0000_000_0000|109|Nehru|Nehru|IUUVZR127621304|13025834
cho_book_1954_0000_000_0000|110|Chou|Chou|NAFEJF540496543|13697428
cho_book_1954_0000_000_0000|114|Nehru|Nehru|CQFXZC119176282|13025834
cho_book_1954_0000_000_0000|116|Dulles|Dulles|KRAIPC596404201|13028113
cho_book_1954_0000_000_0000|120|M. Mendès-France|M. Mendès-France|IUPPXG906058294|13742872
cho_book_1954_0000_000_0000|13|President Eisenhower|President Eisenhower|LFMPKW750455178|13029039
cho_book_1954_0000_000_0000|130|President Eisenhower|President Eisenhower|ORKKSP479623279|13029039
cho_book_1954_0000_000_0000|132|M. Mendès-France|M. Mendès-France|DOXMOH964149552|13742872
cho_book_1954_0000_000_0000|14|Mr Eden|Mr Eden|WTWKFY331036926|13028787
cho_book_1954_0000_000_0000|145|Mr. Dulles|Mr. Dulles|UTGFIP579891728|13028113
cho_book_1954_0000_000_0000|15|Senator Bricker|Senator Bricker|XSTMVV304948063|13685605
cho_book_1954_0000_000_0000|17|President Eisenhower|President Eisenhower|TSXLNW250091725|13029039
cho_book_1954_0000_000_0000|17|Senator Knowland|President Eisenhower|TSXLNW250091725|13707762
cho_book_1954_0000_000_0000|23|Bao Dai|Bao Dai|LOZTID690181483|13684891
cho_book_1954_0000_000_0000|25|Senator Bricker|Senator Bricker|VDRLVU478254654|13685605
cho_book_1954_0000_000_0000|30|General Franco|General Franco|UCGHVA646489735|13033104
cho_book_1954_0000_000_0000|36|Pandit Nehru|President Eisenhower|PFVBJS433268464|13025834
cho_book_1954_0000_000_0000|36|President Eisenhower|President Eisenhower|PFVBJS433268464|13029039
cho_book_1954_0000_000_0000|44|Mr. Dulles|Mr. Dulles|XTJUEE522570149|13028113
cho_book_1954_0000_000_0000|47|Pandit Nehru|Pandit Nehru|ESYSYO147324121|13025834
cho_book_1954_0000_000_0000|48|M. Laniel|M. Laniel|SZNHBC359460709|13708669
cho_book_1954_0000_000_0000|5|John Foster Dulles|John Foster Dulles|EZRMEV471383728|13028113
cho_book_1954_0000_000_0000|51|Mr Eden|Mr Eden|TEDYQW449916358|13028787
cho_book_1954_0000_000_0000|52|Field-Marshal Papagos|Field-Marshal Papagos|PWDHEW881847778|21281635
cho_book_1954_0000_000_0000|54|Mr. Eden|Mr. Eden|TOWWGQ570678945|13028787
cho_book_1954_0000_000_0000|57|Marshal Juin|Marshal Juin|BNINNP363787412|14595205
cho_book_1954_0000_000_0000|6|G. M. Malenkov|G. M. Malenkov|JBREEN121862933|13643109
cho_book_1954_0000_000_0000|63|Mr. Dulles|Mr. Eden|EJHNYA111035998|13028113
cho_book_1954_0000_000_0000|63|Mr. Eden|Mr. Eden|EJHNYA111035998|13028787
cho_book_1954_0000_000_0000|64|Mr. Dulles|Mr. Dulles|EKSKPX087069089|13028113
cho_book_1954_0000_000_0000|64|M. Bidault|Mr. Dulles|EKSKPX087069089|13687466
cho_book_1954_0000_000_0000|65|Pandit Nehru|Pandit Nehru|LNQQZZ097544851|13025834
cho_book_1954_0000_000_0000|67|Dr. Malan|Dr. Malan|RGBOIF595371717|13735926
cho_book_1954_0000_000_0000|68|Lord Swinton|Lord Swinton|ECGCDK174946239|
cho_book_1954_0000_000_0000|68|Dr Malan|Lord Swinton|ECGCDK174946239|13735926
cho_book_1954_0000_000_0000|69|Marshal Juin|Marshal Juin|ZRRFCC520296290|14595205
cho_book_1954_0000_000_0000|70|Pope Pius Xii|Pope Pius Xii|AYFUBR806786130|13031608
cho_book_1954_0000_000_0000|71|Mr. Dulles|Mr. Dulles|EWKWTW340787017|13028113
cho_book_1954_0000_000_0000|72|President Eisenhower|President Eisenhower|DILUBG038247465|13029039
cho_book_1954_0000_000_0000|73|Mr Malenkov|Mr Malenkov|FQBQTD897450059|13643109
cho_book_1954_0000_000_0000|8|Sir Gladwyn Jebb|Sir Gladwyn Jebb|NEOZGB432372867|14569933
cho_book_1954_0000_000_0000|80|Viet Minh|Viet Minh|QDYVQA836082172|
cho_book_1954_0000_000_0000|83|Mr. Dulles|Mr. Dulles|AWEJTU268558315|13028113
cho_book_1954_0000_000_0000|85|Mr. I. Ilyichev|Mr. I. Ilyichev|NDUJTX951044126|22305918
cho_book_1954_0000_000_0000|86|Pandit Nehru|Pandit Nehru|WVDRZZ438282181|13025834
cho_book_1954_0000_000_0000|87|Mr. Dulles|Mr. Dulles|TTPSYE150591785|13028113
cho_book_1954_0000_000_0000|88|Sir Andrew Cohen|Sir Andrew Cohen|IWEXNF274399060|20740402
cho_book_1954_0000_000_0000|9|General Hull|General Hull|HHFGJD825252405|14508728
cho_book_1954_0000_000_0000|99|Mr. John Foster Dulles|Mr. John Foster Dulles|YIRTGI188800599|13028113
cho_book_1954_camacho_000_0000|1|J. A. Camacho|J. A. Camacho|TDBOVU094043441|22294520
cho_book_1954_camacho_000_0000|2|J. A. Camacho|J. A. Camacho|YCXAHN848738447|22294520
cho_book_1954_camacho_000_0000|5|J. A. C.|J. A. C.|XKDAVR097275660|22294520
cho_book_1954_camacho_000_0000|6|J. A. C.|J. A. C.|ZMOSLO265138133|22294520
cho_book_1954_camacho_000_0000|7|J. A. C.||VKLVXI451379344|22294520
cho_book_1954_jones_000_0000|32|Franklin D. Roosevelt|J. V. Stalin|SXNDSV754641842|13035990
cho_book_1954_jones_000_0000|32|Winston S. Churchill|J. V. Stalin|SXNDSV754641842|13020086
cho_book_1954_jones_000_0000|32|J. V. Stalin|J. V. Stalin|SXNDSV754641842|13004080
cho_book_1954_jones_000_0000|4|F. C. Jones|F. C. Jones|TIGILS267495018|22236189
cho_book_1954_mason_000_0000|5|P. M.|P. M.|NJQIIY919145103|14321817
cho_book_1954_pendee_000_0000|6|G. P.|G. P.|YWHULB785611608|14862490
cho_book_1954_sweetescott_000_0000|5|B. S. E.|B. S. E.|IYDJVU929212635|22219530
cho_book_1955_meade_001_0000|4|J. E. Meade||WZZPTO409735224|14810867
cho_book_1955_pendle_000_0000|5|G. P.||EKRFMB208581292|14862490
cho_book_1955_popper_000_0000|4|Arnold Toynbee|Arnold Toynbee|OINENJ703647937|13681323
cho_book_1955_popper_000_0000|5|Monica Popper|Monica Popper|MZTJIX374783347|
cho_book_1956_0000_003_0000|6|J. C. S.||WPHYQK889773903|
cho_book_1956_0000_003_0000|6|Marshal Sir John Slessor||WPHYQK889773903|22227906
cho_book_1956_0002_001_0000|11|Mr Lester Pearson|Mr Bulganin|ODRKGM442212999|13715927
cho_book_1956_0002_001_0000|5|Mr. Malenkov|Marshal Bulganin|JSVKHQ314242117|13643109
cho_book_1956_0002_001_0000|7|Mr Salah ben Youssef|Marshal Bulganin|QJIJQO359680663|22316603
cho_book_1956_0002_001_0000|8|President Eisenhower|M. Faure|YQMFVW027461152|13029039
cho_book_1956_0002_002_0000|10|Marshal Bulganin|Marshal Bulganin|GKQTTR956084785|13684624
cho_book_1956_0002_002_0000|11|President Eisenhower|President Eisenhower|SGMJZL009650295|13029039
cho_book_1956_0002_002_0000|11|Marshal Bulganin|President Eisenhower|SGMJZL009650295|13684624
cho_book_1956_0002_002_0000|16|Sir Anthony Eden|President Eisenhower|IHYFMU618522600|13028787
cho_book_1956_0002_002_0000|16|President Eisenhower|President Eisenhower|IHYFMU618522600|13029039
cho_book_1956_0002_002_0000|17|Sir Anthony Eden|President Eisehnower|LGBCSM195500339|13028787
cho_book_1956_0002_002_0000|17|President Eisehnower|President Eisehnower|LGBCSM195500339|13029039
cho_book_1956_0002_002_0000|18|President Eisenhower|President Eisenhower|DIOWOR846911181|13029039
cho_book_1956_0002_002_0000|18|Marshal Bulganin|President Eisenhower|DIOWOR846911181|13684624
cho_book_1956_0002_002_0000|20|Mr. L. B. Pearson|Mr. L. B. Pearson|GGNMXV816951274|13715927
cho_book_1956_0002_002_0000|21|Mr. N. S. Krushchev|Mr. N. S. Krushchev|TWNURT620461296|13009820
cho_book_1956_0002_002_0000|27|Marshal Bulganin|President Eisenhower|EAAPXU175204489|13684624
cho_book_1956_0002_002_0000|27|President Eisenhower|President Eisenhower|EAAPXU175204489|13029039
cho_book_1956_0002_002_0000|29|Mr. Lennox-Boyd|Mr. Lennox-Boyd|TJLZBO871449133|22306125
cho_book_1956_0002_002_0000|33|Mr. Lennox-Boyd|Mr. Lennox-Boyd|SPWRTD303706069|22306125
cho_book_1956_0002_002_0000|41|Sir Tom Hickinbotham|Sir Tom Hickinbotham|KLTCTK534354768|13644607
cho_book_1956_0002_002_0000|44|Mr Selwyn Lloyd|Mr Selwyn Lloyd|ZLSJEX501184538|13738091
cho_book_1956_0002_002_0000|47|Mr. Dulles|Mr. Dulles|DSIBMT751286575|13028113
cho_book_1956_0002_002_0000|5|President Eisenhower|President Eisenhower|NBKSVG909736060|13029039
cho_book_1956_0002_002_0000|56|Mr. Hammarskjöld|Mr. Hammarskjöld|HYLRFL320153100|13656914
cho_book_1956_0002_002_0000|57|Sir Winston Churchill|Sir Winston Churchill|QDATNR183326274|13020086
cho_book_1956_0002_002_0000|58|President Sukarno|President Sukarno|QBSWMK488158909|13722204
cho_book_1956_0002_002_0000|59|M. Mollet|M. Mollet|LZXPBA272773807|14001691
cho_book_1956_0002_002_0000|6|President Tito|President Tito|XWQPED660473050|13008194
cho_book_1956_0002_002_0000|63|Mr Bulganin|Mr Bulganin|RGVRCS302278521|13684624
cho_book_1956_0002_002_0000|64|Mr. Dulles|Dr. Adenauer|DNMOVE400775276|13028113
cho_book_1956_0002_002_0000|64|Dr. Adenauer|Dr. Adenauer|DNMOVE400775276|13003147
cho_book_1956_0002_002_0000|67|M. Pineau|Mr. Dulles|SABSIN913911805|14856307
cho_book_1956_0002_002_0000|67|Mr. Dulles|Mr. Dulles|SABSIN913911805|13028113
cho_book_1956_0002_002_0000|69|Mr Chou En-lai|Mr Chou En-lai|TQIBXE715485684|13697428
cho_book_1956_0002_002_0000|8|Mr. Lennox-Boyd|Mr. Lennox-Boyd|NXTLUJ712084347|22306125
cho_book_1956_0002_002_0000|9|Marrshal Bulganin|Marrshal Bulganin|RONDTV615488898|13684624
cho_book_1956_benham_000_0000|5|F. B.||ZEAMQR959293278|22216917
cho_book_1956_dewar_000_0000|5|M. D.||SZWCRP258511220|
cho_book_1956_laugharne_000_0000|5|G. L.||AHYMSS108272693|22294487
cho_book_1956_leubuscher_000_0000|4|Charlotte Leubuscher||GJUSHO540080175|22303512
cho_book_1956_wiskemann_000_0000|4|Elizabeth Wiskemann|Elizabeth Wiskemann|XBMRMW777242430|15032141
cho_book_1957_farmer_000_0000|4|Soulbury|B. H. Farmer|BKQIMU844620479|14934420
cho_book_1957_farmer_000_0000|5|B. H. Farmer||VBOYYE428386684|14494258
cho_book_1957_fawzi_000_0000|5|E. H. Phelps Brown|E. H. Phelps Brown|JOMTAB214071723|14437840
cho_book_1957_fawzi_000_0000|6|S. F.|S. F.|RRTKOR329681088|22302104
cho_book_1957_gibb_000_0000|4|H. B.||LYXJPR069345272|
cho_book_1957_gibb_000_0000|4|H. A. R. G.||LYXJPR069345272|14569912
cho_book_1957_goodwin_000_0000|4|Joseph E. Johnson|C. M. Woodhouse|UOHSCI000957193|22207974
cho_book_1957_goodwin_000_0000|5|C. M. Woodhouse||YLULRX317067896|15058216
cho_book_1957_pendle_000_0000|4|G. P.|G. P.|TQIQNQ849942507|14862490
cho_book_1957_pendle_000_0000|4|G. P.|G. P.|TQIQNQ849942507|14862490
cho_book_1957_toynbee_000_0000|4|Arnold Toynbee|D. C. S.|PEBCVA656669014|13681323
cho_book_1957_toynbee_000_0000|5|D. C. S.||TDIROM141277604|18017311
cho_book_1958_allen_000_0000|6|G. C. Allen|G. C. Allen|DEOPQY376324159|14359253
cho_book_1958_bullard_000_0000|7|Elizabeth Monroe||NTMZBP132883458|14763187
cho_book_1958_humphreys_000_0000|4|R. A. H.||UACJLL811690971|14549112
cho_book_1958_jones_000_0000|4|F. C. Jones|F. C. Jones|XVFKBH087546636|22236189
cho_book_1958_longrigg_000_0000|4|S. H. L.||JNHSJP454375051|14718837
cho_book_1958_rangnekar_000_0000|4|D. K. R.|D. K. R.|WIPNRY045508604|22232227
cho_book_1958_thomson_000_0000|4|D. T.|D. T.|DDOZSO745452410|14349436
cho_book_1958_thomson_000_0000|5|D. T.||XUNBMN790551502|14349436
cho_book_1959_0011_000_0000|4|Arnold J. Toynbee|Edward D. Myers|BDWCRM530389066|13681323
cho_book_1959_0011_000_0000|5|Edward D. Myers||YCEDBY330971148|22319249
cho_book_1959_barbour_000_0000|6|Nevill Barbour|Nevill Barbour|ZITZYN702005880|14414647
cho_book_1959_brimmell_000_0000|4|J. H. Brimmell|J. H. Brimmell|WLOFCH107859740|
cho_book_1959_hill_000_0000|4|Richard Hill||NAJQDU423154985|14502294
cho_book_1959_nutting_000_0000|6|A. N.|A. N.|UXQXNT118953950|
cho_book_1959_rose_000_0000|4|S. R.|S. R.|JHBXNC052942340|22231007
cho_book_1960_ahmed_000_0000|5|J. M. A.|J. M. A.|VATGOL966802431|22294532
cho_book_1960_ahmed_000_0000|6|A. H. Hourani|A. H. Hourani|WQVHWP061003697|14499436
cho_book_1960_benham_000_0000|5|Strang|F. Benham|SMMXRN120404324|22231085
cho_book_1960_benham_000_0000|6|F. Benham||UEBQZL636178730|22216917
cho_book_1960_linke_000_0000|5|L. L.||FLHHQD532981785|22295881
cho_book_1960_morris_000_0000|8|I. I. Morris||KSCJNV576134196|14782544
cho_book_1960_szczepanik_000_0000|5|F. Benham|F. Benham|IUWVMI599695485|22216917
cho_book_1960_szczepanik_000_0000|6|E. S.|E. S.|ZGIKMN344068010|22293716
cho_book_1960_toynbee_000_0000|5|Arnold Toynbee|Arnold J. Toynbee|AADQPT975136142|13681323
cho_book_1960_toynbee_000_0000|6|Arnold J. Toynbee|Arnold Toynbee|LBVGSS401844676|13681323
cho_book_1960_toynbee_000_0000|7|Arnold Toynbee|D. C. Somervell|AAZPNX093965366|13681323
cho_book_1960_toynbee_000_0000|8|D. C. Somervell||RTWQEO681287806|18017311
cho_book_1960_trevaskis_000_0000|5|G. K. N. Trevaskis||CANKWA011046587|14994536
cho_book_1961_0012_000_0000|4|Arnold Toynbee||YKOGJT328738191|13681323
cho_book_1961_chidzero_000_0000|4|B. T. G. Chidzero||PGVNEZ891402380|13019698
cho_book_1961_humphreys_000_0000|4|R. A. H.|R. A. H.|QCZNRZ547261810|14549112
cho_book_1961_lewis_000_0000|5|B. L.|B. L.|MYAMSV641169480|13843275
cho_book_1961_misra_000_0000|4|B. B. M.|B. B. M.|ZLAKIJ241145688|14809351
cho_book_1961_pendle_000_0000|6|G. P.||JQNAYM447045100|14862490
cho_book_1961_waddell_000_0000|4|D. A. G. Waddell||RVWARY501875125|15060115
cho_book_1962_baer_000_0000|5|G. B.||BSXMOH189744336|13496912
cho_book_1962_cline_000_0000|5|H. F. C.||GQFZQQ968217020|20883997
cho_book_1962_hourani_000_0000|5|A. H.|A. H.|HZYSZP921736817|14499436
cho_book_1962_lutz_000_0000|4|Frederic Benham|Vera Lutz|NFSIAD587329965|22216917
cho_book_1962_lutz_000_0000|4|Muriel Grindrod|Vera Lutz|NFSIAD587329965|14689813
cho_book_1962_lutz_000_0000|5|Vera Lutz||TGWNWG599698904|22302187
cho_book_1962_smith_000_0000|4|R. T. S.||SVNDPM496604908|14909379
cho_book_1962_smith_000_0000|6|R. T. S.||GVOIFT507056650|14909379
cho_book_1963_higgins_000_0000|5|R. H.||PBFHAO000618479|14302820
cho_book_1963_issawi_000_0000|10|Chateaubriand|Ismail Pasha|JFKKUU123430777|
cho_book_1963_issawi_000_0000|10|S. R. K. Glanville|Ismail Pasha|JFKKUU123430777|22304974
cho_book_1963_issawi_000_0000|14|Ismail Pasha|Voltaire|ODOURI561550285|
cho_book_1963_issawi_000_0000|14|Jacques Berque|Voltaire|ODOURI561550285|14420202
cho_book_1963_issawi_000_0000|20|Hla Myint|Paul Baran|EABRHL332395287|22303664
cho_book_1963_issawi_000_0000|20|Saad Zaghlul|Paul Baran|EABRHL332395287|13728024
cho_book_1963_issawi_000_0000|4|C. I.||MZCISU077144599|
cho_book_1963_reeve_000_0000|4|W. D. R.|W. D. R.|IYTIKX660873770|14829731
cho_book_1964_0000_002_0000|10|A. G. Hart|A. G. Hart|QBFKDB928564809|14511974
cho_book_1964_0000_002_0000|11|I. G. Patel|I. G. Patel|YIFCZJ509675144|14852500
cho_book_1964_0000_002_0000|12|Caroline Miles|Caroline Miles|PAOZKL684480982|22300290
cho_book_1964_0000_002_0000|13|Jean Royer|Jean Royer|XYLMGH834666319|22300628
cho_book_1964_0000_002_0000|14|Gerda Blau|Gerda Blau|OEZNFM404512007|22300550
cho_book_1964_0000_002_0000|6|Andrew Shonfield|Andrew Shonfield|BSNLLH591193296|15078819
cho_book_1964_0000_002_0000|8|A. Maizels|A. Maizels|JYHSWQ966819774|22300267
cho_book_1964_0000_002_0000|9|J. H. Richter|J. H. Richter|IMPRKA700989267|14912672
cho_book_1964_haseeb_000_0000|4|W. B. Reddaway|K. H.|TJKTOS066527438|14328890
cho_book_1964_haseeb_000_0000|5|K. H.||EDPJBW170532978|22345422
cho_book_1964_ionescu_000_0000|7|G. I.|G. I.|OELLHT466136787|14564453
cho_book_1964_ionescu_000_0000|9|G. I.||JIZTLF694118772|14564453
cho_book_1964_lamb_000_0000|5|Rt Hon. Kenneth Younger||VCUKTN992087234|22298869
cho_book_1964_lamb_000_0000|8|A. L.||LUVNTQ687906078|
cho_book_1964_owens_000_0000|5|R. J. O.||CTGEPE445723674|
cho_book_1964_parker_000_0000|4|F. D. P.||LDLILP935384208|14817256
cho_book_1964_thomson_000_0000|4|D. T.|D. T.|QKNZZR658587718|14349436
cho_book_1964_thomson_000_0000|5|D. T.||IVMQJN016490200|14349436
cho_book_1964_younger_000_0000|4|Michael Howard||MHBCYK875031934|13003837
cho_book_1964_zauberman_000_0000|4|A. Z.||YILMYE041067154|14916412
cho_book_1965_abun_000_0000|4|J. A.|J. A.|VEFEHO374497199|14352437
cho_book_1965_allen_000_0000|5|G. C. A.|G. C. A.|OKGAIV009689503|14359253
cho_book_1965_camps_000_0000|5|M. C.||VMKAJE562519945|14063651
cho_book_1965_koskyns_000_0000|4|C. H.||RXHLUG193783284|22297268
cho_book_1965_milhaly_000_0000|5|E. B. M.|E. B. M.|SNPPGB185051932|20748819
cho_book_1965_osborne_000_0000|5|H. O.|H. O.|ZMTBPV280161193|14822645
cho_book_1965_pendle_000_0000|6|G. P.||IBFJSX465924485|14862490
cho_book_1965_pendle_000_0000|7|G. P.||WJZODQ936300263|14862490
cho_book_1965_purcell_000_0000|4|V. P.||JQTADJ413353430|14323355
cho_book_1965_purcell_000_0000|72|R. A. D. Forrest M.A.||SNYACS400098127|
cho_book_1965_purcell_000_0000|73|Alastair Lamb||FUWCRI752299257|
cho_book_1965_seale_000_0000|5|P. S|P. S|HIVPOT166664272|14933643
cho_book_1965_swainiewicz_000_0000|4|S. S||PGOPRP987112814|22233468
cho_book_1965_vaeliz_000_0000|10|Jacques Chonchol|Jacques Chonchol|ZBEXPL402529195|13697401
cho_book_1965_vaeliz_000_0000|11|Victor L. Urquidi|Victor L. Urquidi|ZVVYPJ266267027|20886296
cho_book_1965_vaeliz_000_0000|12|Osvaldo Sunkel|Osvaldo Sunkel|IBGHQU683806514|22319753
cho_book_1965_vaeliz_000_0000|13|Celso Furtado|Celso Furtado|MWMVVP626240897|13700825
cho_book_1965_vaeliz_000_0000|14|Hélio Jaguaribe|Hélio Jaguaribe|FGMNIQ698706385|13706904
cho_book_1965_vaeliz_000_0000|15|Orlando Fals Borda|Orlando Fals Borda|QLAERU231400814|22319746
cho_book_1965_vaeliz_000_0000|16|Moisés González Navarro|Moisés González Navarro|OVWDYI222497121|22319543
cho_book_1965_vaeliz_000_0000|17|Felipe Herrera|Felipe Herrera|ETYEFH601572267|13705560
cho_book_1965_vaeliz_000_0000|5|C. V.|C. V.|LGBJMF835740431|14465716
cho_book_1965_vaeliz_000_0000|7|Claudio Veliz|Claudio Veliz|VYJFUA083748222|14465716
cho_book_1965_vaeliz_000_0000|8|Aníbal Pinto|Aníbal Pinto|TMEERE728922881|20885623
cho_book_1965_vaeliz_000_0000|9|Torcuato S. Di Tella|Torcuato S. Di Tella|YCYKXJ626497135|13769466
cho_book_1966_austin_000_0000|5|D. A.|D. A.|ROTCLO428348449|
cho_book_1966_austin_001_0000|5|Joseph Conrad|Joseph Conrad|LIXPNZ170055381|13021724
cho_book_1966_austin_001_0000|6|D. A.|D. A.|LJGLUE714364039|22227709
cho_book_1966_bull_000_0000|5|G. B.||MUJAHB089964462|14385228
cho_book_1966_conell_000_0000|5|G. C-S.|G. C-S.|KTKQXV892416636|22293529
cho_book_1966_eden_000_0000|17|Mr Anthony Eden|Mr Anthony Eden|KSURIG429162154|13028787
cho_book_1966_eden_000_0000|7|Rt. Hon. Kenneth Younger|Rt. Hon. Kenneth Younger|GMTGML609169168|22298869
cho_book_1966_eden_000_0000|8|Avon|Avon|WKUGHA483226896|
cho_book_1966_galbraith_000_0000|4|W. O. G.||ILUNHI501683454|22233304
cho_book_1966_hanson_000_0000|4|A. H. H.|A. H. H.|DTDAXB615322720|14570257
cho_book_1967_gittings_000_0000|7|J. G.||GVCEHQ458376439|14572417
cho_book_1967_hazlewood_000_0000|10|Peter Robson|Peter Robson|BOEQUU336608397|
cho_book_1967_hazlewood_000_0000|11|Arthur Hazlewood|James O'Connell|DJVMVJ868474161|22318800
cho_book_1967_hazlewood_000_0000|12|Peter Robson|Arthur Hazlewood|UHITFS666764503|
cho_book_1967_hazlewood_000_0000|13|James O'Connell|I. M. Lewis|UJRVVL339680207|
cho_book_1967_hazlewood_000_0000|14|Arthur Hazlewood|Edwin Ardener|IQZCMC146400855|22318800
cho_book_1967_hazlewood_000_0000|15|I. M. Lewis|Roland Julienne|ZXIYAE237098790|14728948
cho_book_1967_hazlewood_000_0000|16|Edwin Ardener|Catherine Hoskyns|YAHYLT008756947|14370937
cho_book_1967_hazlewood_000_0000|17|Roland Julienne||KBCLCA248403918|
cho_book_1967_hazlewood_000_0000|18|Catherine Hoskyns||BNJMTZ692947064|22297268
cho_book_1967_hazlewood_000_0000|8|A. H.|Peter Robson|ZUOQDS802417404|22318800
cho_book_1967_hazlewood_000_0000|9|Arthur Hazlewood|Arthur Hazlewood|GYRSKU993550755|22318800
cho_book_1967_kerr_000_0000|4|M. K.||ZCKGVE436228752|13009332
cho_book_1967_toynbee_000_0000|10|Richard Lowenthal|Richard Lowenthal|POIUZB855018792|22298854
cho_book_1967_toynbee_000_0000|6|Arnold J. Toynbee|Arnold J. Toynbee|XCTBDC267764909|13681323
cho_book_1967_toynbee_000_0000|7|Neil McInnes|Neil McInnes|RVNHSI466587442|
cho_book_1967_toynbee_000_0000|8|Hugh Seton-Watson|Hugh Seton-Watson|VJIJTA600932454|14329074
cho_book_1967_toynbee_000_0000|9|Peter Wiles|Peter Wiles|PQWHEX501490346|15018761
cho_book_1967_veliz_000_0000|10|José Nun|José Nun|AIWEFV693708312|22294915
cho_book_1967_veliz_000_0000|11|Alistair Hennessy|Alistair Hennessy|TTUMWH302294306|22293108
cho_book_1967_veliz_000_0000|12|Francois Chevalier|Francois Chevalier|SHCUBR222938816|
cho_book_1967_veliz_000_0000|13|Emanuel De Kadt|Emanuel De Kadt|DPKKZQ155196969|22235757
cho_book_1967_veliz_000_0000|14|Oscar Cornblit|Oscar Cornblit|FYBISS435159695|22297796
cho_book_1967_veliz_000_0000|15|Hugh Thomas|Hugh Thomas|ROTRFV722979257|14328088
cho_book_1967_veliz_000_0000|5|C. V.|C. V.|VMCRCC772264669|14465716
cho_book_1967_veliz_000_0000|7|Claudio Veliz|Claudio Veliz|NCELFV835206562|14465716
cho_book_1967_veliz_000_0000|8|Richard N. Adams|Richard N. Adams|BXUVQL551061839|14335892
cho_book_1967_veliz_000_0000|9|E. J. Hobsbawm|E. J. Hobsbawm|IHAAFA768145312|13002830
cho_book_1968_kaiser_000_0000|5|K. K.||YOTZCJ652927292|22294940
cho_book_1968_pendle_000_0000|4|G. P.|G. P.|VIYHOC559110234|14862490
cho_book_1968_streeten_000_0000|10|A. H. Hanson|A. H. Hanson|WVDNOE981648998|14570257
cho_book_1968_streeten_000_0000|12|James Mirrlees|James Mirrlees|SBAPNI259716062|13022716
cho_book_1968_streeten_000_0000|13|Michael Lipton|Michael Lipton|OVWBII558802468|14733917
cho_book_1968_streeten_000_0000|14|J. M. Healey|J. M. Healey|UKUWVI873084835|22345413
cho_book_1968_streeten_000_0000|15|E. A. G. Robinson|E. A. G. Robinson|SOMWBI783858636|22218226
cho_book_1968_streeten_000_0000|17|David Ovens|David Ovens|TFKENA804097624|
cho_book_1968_streeten_000_0000|18|Robert Cassen|Robert Cassen|QUXXXZ976179298|22345426
cho_book_1968_streeten_000_0000|19|David Pocock|David Pocock|HZPAHR730085404|22345363
cho_book_1968_streeten_000_0000|21|Sidney Wells|Sidney Wells|EZPMWG782633641|22308904
cho_book_1968_streeten_000_0000|22|Roger Hill|Paul Streeten|EBGNVA884310551|
cho_book_1968_streeten_000_0000|22|Paul Streeten|Paul Streeten|EBGNVA884310551|14930302
cho_book_1968_streeten_000_0000|23|K. Subrahmanyam|K. Subrahmanyam|HVRJCC888774834|22345419
cho_book_1968_streeten_000_0000|24|Roger Hill|Roger Hill|AJOGPQ436916981|
cho_book_1968_streeten_000_0000|8|Paul Streeten|Michael Lipton|VDHTFW114068695|14930302
cho_book_1968_streeten_000_0000|8|Michael Lipton|Michael Lipton|VDHTFW114068695|14733917
cho_book_1969_khadduri_000_0000|6|M. K.|M. K.|XVCETK439436498|14592210
cho_book_1969_landau_000_0000|7|J. M. L.||CYPTBP025428704|
cho_book_1969_reese_000_0000|5|T. R. R.|T. R. R.|NQEENR756566752|14868175
cho_book_1970_binchy_000_0000|4|D. A. B.|D. A. B.|OGKQKM481492965|22234547
cho_book_1970_binchy_000_0000|5|D. A. B.|D. A. B.|HTTINQ937832936|22234547
cho_book_1970_birnbaum_000_0000|6|K. E. B.||YSRVAV683221542|22294933
cho_book_1970_jenks_000_0000|6|C. W. J.||YFDJQW946660853|14597231
cho_book_1970_kaiser_000_0000|10|Michael Donelan|Michael Donelan|DODNZI203868733|
cho_book_1970_kaiser_000_0000|11|Waldemar Besson|Waldemar Besson|VNCAYS178690872|22305017
cho_book_1970_kaiser_000_0000|12|Joseph Frankel|Joseph Frankel|NDXKBP945131807|14497519
cho_book_1970_kaiser_000_0000|13|Wolf-Dieter Narr|Wolf-Dieter Narr|IFBRWP564415902|22305026
cho_book_1970_kaiser_000_0000|14|Philip Abrams|Philip Abrams|CXACET773284703|14352858
cho_book_1970_kaiser_000_0000|15|Arnulf Baring|Arnulf Baring|HXXHQF154811460|13497894
cho_book_1970_kaiser_000_0000|16|Anthony Sampson|Anthony Sampson|IRRVCQ771972724|13721338
cho_book_1970_kaiser_000_0000|17|Herman Proebst|Herman Proebst|QTTNUA113876241|22303660
cho_book_1970_kaiser_000_0000|18|D. C. Watt|D. C. Watt|WHLSWQ451475155|14343543
cho_book_1970_kaiser_000_0000|19|Hans-Peter Schwarz|Hans-Peter Schwarz|OCGGML735629725|22303642
cho_book_1970_kaiser_000_0000|20|Roger Morgan|Roger Morgan|SBWRHX061365632|14774333
cho_book_1970_kaiser_000_0000|7|Kenneth Younger|Wolfgang Wagner|USSEWF622200538|22298869
cho_book_1970_kaiser_000_0000|7|Wolfgang Wagner|Wolfgang Wagner|USSEWF622200538|
cho_book_1970_kaiser_000_0000|8|Karl Kaiser|Karl Kaiser|OYZEUX609328491|22294940
cho_book_1970_kaiser_000_0000|8|Roger Morgan|Karl Kaiser|OYZEUX609328491|14774333
cho_book_1970_kaiser_000_0000|9|Karl Kaiser|Karl Kaiser|OKGJBB360860457|22294940
cho_book_1971_bell_000_0000|5|C. B.|C. B.|EENZCQ595146420|22293222
cho_book_1971_kerr_000_0000|4|M. H. K.||MJNUBC887626671|13009332
cho_book_1971_strange_000_0000|7|S. S.||EWOMJZ371254611|14926563
cho_book_1971_twitchett_000_0000|10|Alan James|Alan James|ZKQFTL186662754|14594424
cho_book_1971_twitchett_000_0000|11|Peter Nailor|Peter Nailor|MAYAIK414002192|22308804
cho_book_1971_twitchett_000_0000|6|K. J. T.|K. J. T.|XGEZMA366478778|
cho_book_1971_twitchett_000_0000|8|Kenneth J. Twitchett|Kenneth J. Twitchett|RVLXHC043890366|22308251
cho_book_1971_twitchett_000_0000|9|Neville Brown|Neville Brown|BTVWQK927961921|14438182
cho_book_1972_0000_000_0000|4|Susan Strange|Susan Strange|BAHHUP954560952|14926563
cho_book_1972_0000_000_0000|5|Christopher Brown|Christopher Brown|HYLNGA975961325|22300300
cho_book_1972_angell_000_0000|6|A. A.||PEYJNI218566947|22300248
cho_book_1972_bailey_000_0000|6|S. D. B.||LIRGQE417554707|14385779
cho_book_1972_dobell_000_0000|4|P. C. D.|P. C. D.|MEIFKI171031090|22297802
cho_book_1972_macfarqhar_000_0000|10|Donald W. Klein|Roderick MacFarquhar|PPDJUS039529557|14630585
cho_book_1972_macfarqhar_000_0000|11|Roderick MacFarquhar||WWFENO367837575|14746488
cho_book_1972_macfarqhar_000_0000|6|Roderick MacFarquhar||DBQANK158226835|14746488
cho_book_1972_macfarqhar_000_0000|8|Morton H. Halperin|A. M. Halpern|ROYEJS626154168|13037946
cho_book_1972_macfarqhar_000_0000|9|A. M. Halpern|Donald W. Klein|CDVTTB344226526|14303315
cho_book_1972_mayne_000_0000|19|Richard Mayne|Richard Mayne|ZFTKXT613080205|14760961
cho_book_1972_mayne_000_0000|4|Richard Mayne|Richard Mayne|QJOVWC341600683|14760961
cho_book_1972_wilson_000_0000|5|D. W.||TJAKSL355547550|15029860
cho_book_1973_fletcher_000_0000|6|W. C. F.|W. C. F.|PCAQAK495373398|14471169
cho_book_1974_farmer_000_0000|7|B. H. F.||BWEVNO492363548|14494258
cho_book_1974_MacFarquhar_000_0000|6|Roderick MacFarquhar|Roderick MacFarquhar|FMCKTP401565951|14746488
cho_book_1974_morgan_000_0000|5|R. P. M.||BQAEBA361187647|14774333
cho_book_1975_connelly_000_0000|4|Andrew Shonfield||NCQZGA751325567|15078819
cho_book_1975_connelly_000_0000|8|Philip Connelly||IIVBYK385254092|22298223
cho_book_1975_connelly_000_0000|8|Robert Perlman||IIVBYK385254092|22298863
cho_book_1975_lawson_000_0000|5|R. L.|Roger Lawson|DOQKOK841434548|
cho_book_1975_lawson_000_0000|5|B. R.|Roger Lawson|DOQKOK841434548|
cho_book_1975_lawson_000_0000|6|Roger Lawson||EPZRSB369802846|
cho_book_1975_mcinnes_000_0000|4|N. M.|N. M.|PVZGGT310392393|
cho_book_1975_zauberman_000_0000|4|Gregory Grossman|Gregory Grossman|ACCVAG702761293|22294499
cho_book_1975_zauberman_000_0000|6|A. Z.|A. Z.|RLVUHF751812113|14916412
cho_book_1976_0001_000_0000|4|A. S.||SRFLSG056999977|
cho_book_1976_0001_000_0000|6|Andrew Shonfield||VDTUFQ092080152|15078819
cho_book_1976_0002_000_0000|4|A. S.||KZKDNS981296042|
cho_book_1976_0002_000_0000|6|Andrew Shonfield|Susan Strange|RKSLDX009232786|15078819
cho_book_1976_0002_000_0000|7|Susan Strange||KBQOKN480357353|14926563
cho_book_1976_hutchings_000_0000|7|R. H.||ZMBJKS322872140|14555759
cho_book_1976_maude_000_0000|5|G. M.|G. M.|DUXTEJ532000948|14810968
cho_book_1976_russell_000_0000|5|Ian Smart|J. R.|GXCAZH500924345|22294514
cho_book_1976_russell_000_0000|6|J. R.||MCKTYN157328212|14878256
cho_book_1976_wallace_000_0000|5|W. W.||KSJMBW825865413|15022206
cho_book_1976_zauberman_000_0000|18|Alfred Zauberman|Alfred Zauberman|TPNFIO160330835|14916412
cho_book_1976_zauberman_000_0000|5|A. Z.|A. Z.|LTAEMO129742413|14916412
cho_book_1977_luard_000_0000|6|E. L.|E. L.|BUKOEB527919212|14741621
cho_book_1977_rusinow_000_0000|5|D. R.||OMSVXL519471532|14879216
cho_book_1978_wight_000_0000|5|Harold Stannard|Harold Stannard|XMYXFL741188934|
cho_book_1979_beazley_000_0000|5|P G Beazley|P G Beazley|MPSYJP103141800|22297799
cho_book_1979_beazley_000_0000|5|V Sobeslavsky|P G Beazley|MPSYJP103141800|
cho_book_1979_brownlie_000_0000|101|Lagarde|H. De Barros Gomes|BITIDU178504339|
cho_book_1979_brownlie_000_0000|101|Visconti Venosta|H. De Barros Gomes|BITIDU178504339|
cho_book_1979_brownlie_000_0000|101|Menelik|H. De Barros Gomes|BITIDU178504339|
cho_book_1979_brownlie_000_0000|101|Camille Barrére|H. De Barros Gomes|BITIDU178504339|14545968
cho_book_1979_brownlie_000_0000|102|Salisbury|Lanceloto D. Carnegie|AAWFHW275322694|
cho_book_1979_brownlie_000_0000|102|Waddington|Lanceloto D. Carnegie|AAWFHW275322694|
cho_book_1979_brownlie_000_0000|103|T. B. Hohler||CNTYQP371210667|22317322
cho_book_1979_brownlie_000_0000|103|C. W. Gwynn||CNTYQP371210667|22221816
cho_book_1979_brownlie_000_0000|103|Jomo Kenyatta||CNTYQP371210667|13009271
cho_book_1979_brownlie_000_0000|104|Rennell Rodd||SKMOWJ135911672|22221802
cho_book_1979_brownlie_000_0000|104|Ras Makunan||SKMOWJ135911672|22316727
cho_book_1979_brownlie_000_0000|104|Giuseppe Colli Di Felizzano||SKMOWJ135911672|22309355
cho_book_1979_brownlie_000_0000|104|Aklilou||SKMOWJ135911672|22309043
cho_book_1979_brownlie_000_0000|104|Anthony Eden||SKMOWJ135911672|13028787
cho_book_1979_brownlie_000_0000|105|A. Bodrero||KCANTR976515311|
cho_book_1979_brownlie_000_0000|105|Rennell Rodd||KCANTR976515311|22221802
cho_book_1979_brownlie_000_0000|105|G. Agnesa||KCANTR976515311|22309150
cho_book_1979_brownlie_000_0000|105|R. Graham||KCANTR976515311|
cho_book_1979_brownlie_000_0000|105|Martini||KCANTR976515311|
cho_book_1979_brownlie_000_0000|105|Gleichen||KCANTR976515311|22309359
cho_book_1979_brownlie_000_0000|105|J. L. Harrington||KCANTR976515311|22309409
cho_book_1979_brownlie_000_0000|105|Mussolini||KCANTR976515311|13025133
cho_book_1979_brownlie_000_0000|105|F. Ciccodicola||KCANTR976515311|22309119
cho_book_1979_brownlie_000_0000|106|Torretta||REBOQK543782066|
cho_book_1979_brownlie_000_0000|106|R. Graham||REBOQK543782066|
cho_book_1979_brownlie_000_0000|106|Mussolini||REBOQK543782066|13025133
cho_book_1979_brownlie_000_0000|106|L. N. King||REBOQK543782066|
cho_book_1979_brownlie_000_0000|106|Grandi||REBOQK543782066|14689139
cho_book_1979_brownlie_000_0000|106|J. Ramsay MacDonald||REBOQK543782066|13692064
cho_book_1979_brownlie_000_0000|106|John Simon||REBOQK543782066|14938232
cho_book_1979_brownlie_000_0000|108|Arthur H. Hardinge||MGCGYV333465411|22309032
cho_book_1979_brownlie_000_0000|108|Edward S. H. J. Russell||MGCGYV333465411|
cho_book_1979_brownlie_000_0000|108|Charles Stewart Smith||MGCGYV333465411|
cho_book_1979_brownlie_000_0000|108|Edward B. Malet||MGCGYV333465411|22309080
cho_book_1979_brownlie_000_0000|108|Von Liebert||MGCGYV333465411|22317350
cho_book_1979_brownlie_000_0000|109|M. P. A. Hankey|Rosebery|PUOLLE722267081|
cho_book_1979_brownlie_000_0000|11|Ian Brownlie||FCKVGF242892961|14530769
cho_book_1979_brownlie_000_0000|111|Charles Wingfield|F. H. Villiers|VZUTAO824991226|22309068
cho_book_1979_brownlie_000_0000|111|W. Selby|F. H. Villiers|VZUTAO824991226|22247093
cho_book_1979_brownlie_000_0000|111|Antonio Salazar|F. H. Villiers|VZUTAO824991226|13721108
cho_book_1979_brownlie_000_0000|111|Armindo Monteiro|F. H. Villiers|VZUTAO824991226|22309045
cho_book_1979_brownlie_000_0000|113|C. F. Close|H. A. Grant Watson|AHBDND116687743|22309055
cho_book_1979_brownlie_000_0000|113|Von Danckelman|H. A. Grant Watson|AHBDND116687743|22309072
cho_book_1979_brownlie_000_0000|113|G. Schlobach|H. A. Grant Watson|AHBDND116687743|
cho_book_1979_brownlie_000_0000|113|A. H. Hardinge|H. A. Grant Watson|AHBDND116687743|22309032
cho_book_1979_brownlie_000_0000|113|F. R. D. Prittie|H. A. Grant Watson|AHBDND116687743|
cho_book_1979_brownlie_000_0000|113|H. Fonck|H. A. Grant Watson|AHBDND116687743|22309396
cho_book_1979_brownlie_000_0000|113|Ebermaier|H. A. Grant Watson|AHBDND116687743|
cho_book_1979_brownlie_000_0000|113|E. M. Jack|H. A. Grant Watson|AHBDND116687743|
cho_book_1979_brownlie_000_0000|113|John A. C. Tilley|H. A. Grant Watson|AHBDND116687743|22309422
cho_book_1979_brownlie_000_0000|113|Kurt Freiherr Von Lersner|H. A. Grant Watson|AHBDND116687743|22316124
cho_book_1979_brownlie_000_0000|118|F. O. Lindley|W. G. Agnew|XPXQXU859170372|22309128
cho_book_1979_brownlie_000_0000|118|Baron De Schmidthals|W. G. Agnew|XPXQXU859170372|
cho_book_1979_brownlie_000_0000|118|Fernando Augusto Branco|W. G. Agnew|XPXQXU859170372|22309136
cho_book_1979_brownlie_000_0000|118|H. De Barros Gomes|W. G. Agnew|XPXQXU859170372|22309388
cho_book_1979_brownlie_000_0000|119|Edwin Egerton||KVUAZI683380594|22309105
cho_book_1979_brownlie_000_0000|119|A. Franco Nogueira||KVUAZI683380594|22309028
cho_book_1979_brownlie_000_0000|119|N. Ronald||KVUAZI683380594|22316611
cho_book_1979_brownlie_000_0000|119|Vasco Borges||KVUAZI683380594|
cho_book_1979_brownlie_000_0000|119|Care H. De Wet||KVUAZI683380594|
cho_book_1979_brownlie_000_0000|119|Lanceloto D. Carnegie||KVUAZI683380594|
cho_book_1979_brownlie_000_0000|119|Paulo Cunha||KVUAZI683380594|22316626
cho_book_1979_brownlie_000_0000|29|S. Pichon|Leon Bourgeois|CHRRNB836091708|14869829
cho_book_1979_brownlie_000_0000|29|Mustapha Ben Halim|Leon Bourgeois|CHRRNB836091708|22316607
cho_book_1979_brownlie_000_0000|29|Bonin|Leon Bourgeois|CHRRNB836091708|
cho_book_1979_brownlie_000_0000|29|Dejean|Leon Bourgeois|CHRRNB836091708|
cho_book_1979_brownlie_000_0000|37|H. A. Humphreys||SAWAUE772268324|
cho_book_1979_brownlie_000_0000|37|H. Owen||SAWAUE772268324|
cho_book_1979_brownlie_000_0000|37|Moustafa Fahmy||SAWAUE772268324|
cho_book_1979_brownlie_000_0000|37|Amery||SAWAUE772268324|14333696
cho_book_1979_brownlie_000_0000|37|G. A. G. MacKintosh||SAWAUE772268324|
cho_book_1979_brownlie_000_0000|37|Lee Stack||SAWAUE772268324|14002484
cho_book_1979_brownlie_000_0000|37|W. F. Jennings—bramly||SAWAUE772268324|
cho_book_1979_brownlie_000_0000|37|R. C. R. Owen||SAWAUE772268324|22316628
cho_book_1979_brownlie_000_0000|40|Mussolini|W. Ponty|EITHOX424346456|13025133
cho_book_1979_brownlie_000_0000|40|Sadek Wahba|W. Ponty|EITHOX424346456|
cho_book_1979_brownlie_000_0000|40|Eric Drummond|W. Ponty|EITHOX424346456|13701181
cho_book_1979_brownlie_000_0000|46|E. Grey|J. P. Crommelin|NOZKKA674995311|13692705
cho_book_1979_brownlie_000_0000|46|Francis Bertie|J. P. Crommelin|NOZKKA674995311|22309145
cho_book_1979_brownlie_000_0000|46|Leon Bourgeois|J. P. Crommelin|NOZKKA674995311|13687187
cho_book_1979_brownlie_000_0000|46|Paul Cambon|J. P. Crommelin|NOZKKA674995311|13689730
cho_book_1979_brownlie_000_0000|48|R. Poincaré||YUBKQT673587900|13716675
cho_book_1979_brownlie_000_0000|48|Geismar||YUBKQT673587900|
cho_book_1979_brownlie_000_0000|48|A. Fallieres||YUBKQT673587900|
cho_book_1979_brownlie_000_0000|48|Georges Trouillot||YUBKQT673587900|22309339
cho_book_1979_brownlie_000_0000|48|Raynaud||YUBKQT673587900|
cho_book_1979_brownlie_000_0000|48|W. Ponty||YUBKQT673587900|
cho_book_1979_brownlie_000_0000|48|J. Morel||YUBKQT673587900|
cho_book_1979_brownlie_000_0000|50|E. Laforgue||EIPTFF754447072|
cho_book_1979_brownlie_000_0000|50|J. Hausmann||EIPTFF754447072|
cho_book_1979_brownlie_000_0000|50|H. B. Des Voeux||EIPTFF754447072|
cho_book_1979_brownlie_000_0000|50|E. C. H. Phipps||EIPTFF754447072|
cho_book_1979_brownlie_000_0000|50|A. E. Watherston||EIPTFF754447072|22309026
cho_book_1979_brownlie_000_0000|50|A. Delafosse||EIPTFF754447072|
cho_book_1979_brownlie_000_0000|50|J. A. Crowe||EIPTFF754447072|14648897
cho_book_1979_brownlie_000_0000|50|Lansdowne||EIPTFF754447072|
cho_book_1979_brownlie_000_0000|50|G. W. Clotworthy Soden||EIPTFF754447072|
cho_book_1979_brownlie_000_0000|50|Gabriel Hanotaux||EIPTFF754447072|14574924
cho_book_1979_brownlie_000_0000|50|D. Bouvet||EIPTFF754447072|
cho_book_1979_brownlie_000_0000|50|Paul Cambon||EIPTFF754447072|13689730
cho_book_1979_brownlie_000_0000|52|Lansdowne|Marquis De Casa Laiglesia|XHYPQR831286585|
cho_book_1979_brownlie_000_0000|52|Edward Grey|Marquis De Casa Laiglesia|XHYPQR831286585|13692705
cho_book_1979_brownlie_000_0000|52|Paul Cambon|Marquis De Casa Laiglesia|XHYPQR831286585|13689730
cho_book_1979_brownlie_000_0000|57|W. Ponty|Delcassé|GVBXFN984531356|
cho_book_1979_brownlie_000_0000|57|Gaston Doumergue|Delcassé|GVBXFN984531356|14977583
cho_book_1979_brownlie_000_0000|58|G. Hanotaux|Edm. Van Eetvelde|KDZRRR463949419|14574924
cho_book_1979_brownlie_000_0000|58|G. Hanotaux|Edm. Van Eetvelde|KDZRRR463949419|14574924
cho_book_1979_brownlie_000_0000|58|Ava|Edm. Van Eetvelde|KDZRRR463949419|
cho_book_1979_brownlie_000_0000|58|C. E. Birch|Edm. Van Eetvelde|KDZRRR463949419|
cho_book_1979_brownlie_000_0000|58|Dufferin|Edm. Van Eetvelde|KDZRRR463949419|
cho_book_1979_brownlie_000_0000|58|A. Lescure|Edm. Van Eetvelde|KDZRRR463949419|
cho_book_1979_brownlie_000_0000|58|Edmund Monson|Edm. Van Eetvelde|KDZRRR463949419|22309078
cho_book_1979_brownlie_000_0000|59|O'Neill|Benjamin Thaw Jr.|WEMKWY697179901|
cho_book_1979_brownlie_000_0000|59|d'Andrade Corvo|Benjamin Thaw Jr.|WEMKWY697179901|
cho_book_1979_brownlie_000_0000|59|Girard de Rialle|Benjamin Thaw Jr.|WEMKWY697179901|
cho_book_1979_brownlie_000_0000|59|Roma du Bocage|Benjamin Thaw Jr.|WEMKWY697179901|
cho_book_1979_brownlie_000_0000|60|Dufferin|Duchéne|UWDIGN080405332|
cho_book_1979_brownlie_000_0000|60|Ava|Duchéne|UWDIGN080405332|
cho_book_1979_brownlie_000_0000|60|Edwin H. Egerton|Duchéne|UWDIGN080405332|22309105
cho_book_1979_brownlie_000_0000|60|Salisbury|Duchéne|UWDIGN080405332|
cho_book_1979_brownlie_000_0000|60|D'estournelles De Constant|Duchéne|UWDIGN080405332|
cho_book_1979_brownlie_000_0000|60|Waddington|Duchéne|UWDIGN080405332|
cho_book_1979_brownlie_000_0000|63|J. P. Crommelin||TFZGIG506526646|22309411
cho_book_1979_brownlie_000_0000|63|F. Gordon Rule||TFZGIG506526646|
cho_book_1979_brownlie_000_0000|63|A. J. Balfour||TFZGIG506526646|13008216
cho_book_1979_brownlie_000_0000|63|Hy. W. Grimes||TFZGIG506526646|
cho_book_1979_brownlie_000_0000|63|A. J. Balfour||TFZGIG506526646|13008216
cho_book_1979_brownlie_000_0000|63|Samuel Rowe||TFZGIG506526646|22317039
cho_book_1979_brownlie_000_0000|63|J. P. Crommelin||TFZGIG506526646|22309411
cho_book_1979_brownlie_000_0000|63|Edwin Barclay||TFZGIG506526646|21241099
cho_book_1979_brownlie_000_0000|64|P. Cournarie||JWKYAH801103563|22316623
cho_book_1979_brownlie_000_0000|64|Y. Digo||JWKYAH801103563|
cho_book_1979_brownlie_000_0000|69|Marquis De Casa Laiglesia|G. Hanotaux|RVLUAG185406930|
cho_book_1979_brownlie_000_0000|69|Granville|G. Hanotaux|RVLUAG185406930|14701624
cho_book_1979_brownlie_000_0000|69|F. De Leon Y Castillo|G. Hanotaux|RVLUAG185406930|21300920
cho_book_1979_brownlie_000_0000|70|C. F. Close||PHIOQF755556750|22309055
cho_book_1979_brownlie_000_0000|70|William Erskine||PHIOQF755556750|
cho_book_1979_brownlie_000_0000|70|H. De Manneville||PHIOQF755556750|
cho_book_1979_brownlie_000_0000|70|G. R. Frith||PHIOQF755556750|
cho_book_1979_brownlie_000_0000|70|G. Binger||PHIOQF755556750|14398670
cho_book_1979_brownlie_000_0000|70|Edward Grey||PHIOQF755556750|13692705
cho_book_1979_brownlie_000_0000|70|Charles Strachey||PHIOQF755556750|22309066
cho_book_1979_brownlie_000_0000|70|J. Tilho||PHIOQF755556750|22309416
cho_book_1979_brownlie_000_0000|70|Paul Cambon||PHIOQF755556750|13689730
cho_book_1979_brownlie_000_0000|70|Eric Barrington||PHIOQF755556750|22309109
cho_book_1979_brownlie_000_0000|71|Dirat||PBYQTL829980246|
cho_book_1979_brownlie_000_0000|71|Gaston Doumergue||PBYQTL829980246|14977583
cho_book_1979_brownlie_000_0000|74|Delcassé|M. Juhlin-Dannfelt|QPMKFU106364397|13681214
cho_book_1979_brownlie_000_0000|74|T. De Souza Roza|M. Juhlin-Dannfelt|QPMKFU106364397|22317324
cho_book_1979_brownlie_000_0000|75|Edm. Van Eetvelde||LDOITA576727725|22309076
cho_book_1979_brownlie_000_0000|75|Ed. De Grelle Rogier||LDOITA576727725|
cho_book_1979_brownlie_000_0000|75|De Macedo||LDOITA576727725|
cho_book_1979_brownlie_000_0000|75|Carlos Roma Du Bocage||LDOITA576727725|22309061
cho_book_1979_brownlie_000_0000|76|Benjamin Thaw Jr.|Ebermaier|ZPPIZY539087070|22309049
cho_book_1979_brownlie_000_0000|76|Henri Jaspar|Ebermaier|ZPPIZY539087070|14569525
cho_book_1979_brownlie_000_0000|77|Hermite||RAXQJK989187693|22309405
cho_book_1979_brownlie_000_0000|77|Duchéne||RAXQJK989187693|15020354
cho_book_1979_brownlie_000_0000|77|Jules Cambon||RAXQJK989187693|13689730
cho_book_1979_brownlie_000_0000|77|Schoen||RAXQJK989187693|
cho_book_1979_brownlie_000_0000|77|Von Dankelmann||RAXQJK989187693|22309072
cho_book_1979_brownlie_000_0000|77|Gleim||RAXQJK989187693|22309373
cho_book_1979_brownlie_000_0000|77|Von Lindequist||RAXQJK989187693|22317356
cho_book_1979_brownlie_000_0000|77|Moll||RAXQJK989187693|
cho_book_1979_brownlie_000_0000|78|Kayser||JJUXYC741290254|22223126
cho_book_1979_brownlie_000_0000|78|Freiherr Von Marschall||JJUXYC741290254|
cho_book_1979_brownlie_000_0000|78|Haussmann||JJUXYC741290254|
cho_book_1979_brownlie_000_0000|78|Danckelman||JJUXYC741290254|22309072
cho_book_1979_brownlie_000_0000|78|Jules Herbette||JJUXYC741290254|22316120
cho_book_1979_brownlie_000_0000|78|Monteil||JJUXYC741290254|22316591
cho_book_1979_brownlie_000_0000|82|A. Ahidjo||BTBYLN141279932|13699744
cho_book_1979_brownlie_000_0000|82|W. V. Nugent||BTBYLN141279932|
cho_book_1979_brownlie_000_0000|82|Lichnowsky||BTBYLN141279932|
cho_book_1979_brownlie_000_0000|82|Henderson||BTBYLN141279932|
cho_book_1979_brownlie_000_0000|82|Graeme Thomson||BTBYLN141279932|22309376
cho_book_1979_brownlie_000_0000|82|E. Grey||BTBYLN141279932|13692705
cho_book_1979_brownlie_000_0000|82|C. E. King||BTBYLN141279932|22309053
cho_book_1979_brownlie_000_0000|82|Abubakar Balewa||BTBYLN141279932|13684576
cho_book_1979_brownlie_000_0000|82|A. De Fleuriau||BTBYLN141279932|22309020
cho_book_1979_brownlie_000_0000|86|G. Hanotaux|T. B. Hohler|YABILM010869730|14574924
cho_book_1979_brownlie_000_0000|86|Baron C. Goffinet|T. B. Hohler|YABILM010869730|
cho_book_1979_brownlie_000_0000|86|J. Haussman|T. B. Hohler|YABILM010869730|
cho_book_1979_brownlie_000_0000|86|J. Devolder|T. B. Hohler|YABILM010869730|
cho_book_1979_brownlie_000_0000|89|Curzon|J. Ramsay MacDonald|HJIRJJ597263895|
cho_book_1979_brownlie_000_0000|89|René Lecomte|J. Ramsay MacDonald|HJIRJJ597263895|
cho_book_1979_brownlie_000_0000|89|Paul Cambon|J. Ramsay MacDonald|HJIRJJ597263895|13689730
cho_book_1979_brownlie_000_0000|89|Martin Gosselin|J. Ramsay MacDonald|HJIRJJ597263895|
cho_book_1979_brownlie_000_0000|89|Kedleston|J. Ramsay MacDonald|HJIRJJ597263895|
cho_book_1979_brownlie_000_0000|89|William Everett|J. Ramsay MacDonald|HJIRJJ597263895|
cho_book_1979_brownlie_000_0000|89|Salisbury|J. Ramsay MacDonald|HJIRJJ597263895|
cho_book_1979_brownlie_000_0000|89|Saint-Aulaire|J. Ramsay MacDonald|HJIRJJ597263895|
cho_book_1979_brownlie_000_0000|89|G. Binger|J. Ramsay MacDonald|HJIRJJ597263895|14398670
cho_book_1979_brownlie_000_0000|90|Estebe||CLXQCX932449360|22309116
cho_book_1979_brownlie_000_0000|90|M. Merlin||CLXQCX932449360|
cho_book_1979_brownlie_000_0000|90|Reste||CLXQCX932449360|
cho_book_1979_brownlie_000_0000|91|J. Davignon|Edward B. Malet|MPYVHO393024190|
cho_book_1979_brownlie_000_0000|91|S. Pichon|Edward B. Malet|MPYVHO393024190|14869829
cho_book_1979_brownlie_000_0000|91|Ch. Rouvier|Edward B. Malet|MPYVHO393024190|
cho_book_1979_brownlie_000_0000|91|M. Juhlin-Dannfelt|Edward B. Malet|MPYVHO393024190|
cho_book_1979_brownlie_000_0000|91|A. Leghait|Edward B. Malet|MPYVHO393024190|
cho_book_1979_brownlie_000_0000|91|E. Gentil|Edward B. Malet|MPYVHO393024190|14555791
cho_book_1979_brownlie_000_0000|91|Beau|Edward B. Malet|MPYVHO393024190|
cho_book_1979_brownlie_000_0000|93|Kurt Freiherr Von Lersner||CNVPEQ267330213|22316124
cho_book_1979_brownlie_000_0000|93|Ebermaier||CNVPEQ267330213|
cho_book_1979_brownlie_000_0000|93|Von Danckelman||CNVPEQ267330213|22309072
cho_book_1979_brownlie_000_0000|93|Chev. Van Der Elst||CNVPEQ267330213|22309070
cho_book_1979_brownlie_000_0000|93|G. Schloback||CNVPEQ267330213|
cho_book_1979_brownlie_000_0000|93|J. Bastien||CNVPEQ267330213|
cho_book_1979_brownlie_000_0000|93|Van Den Heuvel||CNVPEQ267330213|
cho_book_1979_brownlie_000_0000|93|A. Van Maldeghem||CNVPEQ267330213|22309039
cho_book_1979_brownlie_000_0000|93|H. Fonck||CNVPEQ267330213|22309396
cho_book_1979_brownlie_000_0000|96|A. Von Maldeghem|A. H. Hardinge|ZFECZJ806028780|22309039
cho_book_1979_brownlie_000_0000|96|Chevalier Von Der Est|A. H. Hardinge|ZFECZJ806028780|22309070
cho_book_1979_brownlie_000_0000|96|C. F. Close|A. H. Hardinge|ZFECZJ806028780|22309055
cho_book_1979_brownlie_000_0000|96|J. Von Den Heuvel|A. H. Hardinge|ZFECZJ806028780|
cho_book_1979_brownlie_000_0000|96|John A. C. Tilley|A. H. Hardinge|ZFECZJ806028780|22309422
cho_book_1979_brownlie_000_0000|96|Kimberley|A. H. Hardinge|ZFECZJ806028780|
cho_book_1979_brownlie_000_0000|96|Arthur H. Hardinge|A. H. Hardinge|ZFECZJ806028780|22309032
cho_book_1979_brownlie_000_0000|97|F. Gendrame||VLSDBT870875194|
cho_book_1979_brownlie_000_0000|97|O. Louwers||VLSDBT870875194|22316621
cho_book_1979_brownlie_000_0000|97|R. H. Campbell||VLSDBT870875194|
cho_book_1979_brownlie_000_0000|97|H. S. Winterbotham||VLSDBT870875194|22309401
cho_book_1979_brownlie_000_0000|97|Halewyck De Heusch||VLSDBT870875194|
cho_book_1979_brownlie_000_0000|97|A. B. Clough||VLSDBT870875194|
cho_book_1979_brownlie_000_0000|97|Bn. Moncheur||VLSDBT870875194|22309051
cho_book_1979_turner_000_0000|7|J. M. B.|L. T.|BNBEBE628886834|22218468
cho_book_1979_turner_000_0000|7|L. T.|L. T.|BNBEBE628886834|15003186
