cho_chbp_1979_0001_000_0000;Foreign Policy and the New Government;English
cho_chrx_1931_0001_001_0000;Summaries of Leading Articles in the Chinese Press;English
cho_chrx_1931_0001_002_0000;Summaries of Leading Articles in the Chinese Press;English
cho_chrx_1931_0001_003_0000;Summaries of Leading Articles in the Chinese Press;English
cho_chrx_1931_0001_004_0000;Summaries of Leading Articles in the Chinese Press;English
cho_chrx_1931_0001_005_0000;Summaries of Leading Articles in the Chinese Press;English
cho_chrx_1931_0001_006_0000;Summaries of Leading Articles in the Chinese Press;English
cho_chrx_1931_0001_007_0000;Summaries of Leading Articles in the Chinese Press;English
cho_chrx_1931_0001_008_0000;Summaries of Leading Articles in the Chinese Press;English
cho_chrx_1931_0001_009_0000;Summaries of Leading Articles in the Chinese Press;English
cho_chrx_1931_0001_010_0000;Summaries of Leading Articles in the Chinese Press;English
cho_chrx_1931_0001_011_0000;Summaries of Leading Articles in the Chinese Press;English
cho_chrx_1931_0001_012_0000;Summaries of Leading Articles in the Chinese Press;English
cho_chrx_1931_0001_013_0000;Summaries of Leading Articles in the Chinese Press;English
cho_chrx_1931_0001_014_0000;Summaries of Leading Articles in the Chinese Press;English
cho_chrx_1931_0001_015_0000;Summaries of Leading Articles in the Chinese Press;English
cho_chrx_1931_0001_016_0000;Summaries of Leading Articles in the Chinese Press;English
cho_chrx_1931_0001_017_0000;Summaries of Leading Articles in the Chinese Press;English
cho_chrx_1931_0001_018_0000;Summaries of Leading Articles in the Chinese Press;English
cho_chrx_1931_0001_020_0000;Summaries of Leading Articles in the Chinese Press;English
cho_chrx_1931_0001_021_0000;Summaries of Leading Articles in the Chinese Press;English
cho_chrx_1931_0001_022_0000;Summaries of Leading Articles in the Chinese Press;English
cho_chrx_1931_0001_023_0000;Summaries of Leading Articles in the Chinese Press;English
cho_chrx_1931_0001_024_0000;Summaries of Leading Articles in the Chinese Press;English
cho_chrx_1932_0002_025_0000;Summaries of Leading Articles in the Chinese Press;English
cho_chrx_1932_0002_026_0000;Summaries of Leading Articles in the Chinese Press;English
cho_chrx_1932_0002_027_0000;Summaries of Leading Articles in the Chinese Press;English
cho_chrx_1932_0002_028_0000;Summaries of Leading Articles in the Chinese Press;English
cho_chrx_1932_0002_029_0000;Summaries of Leading Articles in the Chinese Press;English
cho_chrx_1932_0002_030_0000;Summaries of Leading Articles in the Chinese Press;English
cho_chrx_1932_0002_031_0000;Summaries of Leading Articles in the Chinese Press;English
cho_chrx_1932_0002_032_0000;Summaries of Leading Articles in the Chinese Press;English
cho_chrx_1932_0002_033_0000;Summaries of Leading Articles in the Chinese Press;English
cho_chrx_1932_0002_034_0000;Summaries of Leading Articles in the Chinese Press;English
cho_chrx_1932_0002_035_0000;Summaries of Leading Articles in the Chinese Press;English
cho_chrx_1932_0002_036_0000;Summaries of Leading Articles in the Chinese Press;English
cho_chrx_1932_0002_037_0000;Summaries of Leading Articles in the Chinese Press;English
cho_chrx_1932_0002_038_0000;Summaries of Leading Articles in the Chinese Press;English
cho_chrx_1932_0002_039_0000;Summaries of Leading Articles in the Chinese Press;English
cho_chrx_1932_0002_040_0000;Summaries of Leading Articles in the Chinese Press;English
cho_chrx_1932_0002_041_0000;Summaries of Leading Articles in the Chinese Press;English
cho_chrx_1932_0002_042_0000;Summaries of Leading Articles in the Chinese Press;English
cho_chrx_1932_0002_043_0000;Summaries of Leading Articles in the Chinese Press;English
cho_chrx_1932_0002_044_0000;Summaries of Leading Articles in the Chinese Press;English
cho_chrx_1932_0002_045_0000;Summaries of Leading Articles in the Chinese Press;English
cho_chrx_1932_0002_046_0000;Summaries of Leading Articles in the Chinese Press;English
cho_chrx_1932_0002_047_0000;Summaries of Leading Articles in the Chinese Press;English
cho_chrx_1932_0002_048_0000;Summaries of Leading Articles in the Chinese Press;English
cho_chrx_1933_0000_000_0000;Information Department Memorandum on France and Disarmament;English
cho_chrx_1933_0003_049_0000;Summaries of Leading Articles in the Chinese Press;English
cho_chrx_1933_0003_050_0000;Summaries of Leading Articles in the Chinese Press;English
cho_chrx_1933_0003_051_0000;Summaries of Leading Articles in the Chinese Press;English
cho_chrx_1933_0003_052_0000;Summaries of Leading Articles in the Chinese Press;English
cho_chrx_1933_0003_053_0000;Summaries of Leading Articles in the Chinese Press;English
cho_chrx_1933_0003_054_0000;Summaries of Leading Articles in the Chinese Press;English
cho_chrx_1933_0003_055_0000;Summaries of Leading Articles in the Chinese Press;English
cho_chrx_1933_0003_056_0000;Summaries of Leading Articles in the Chinese Press;English
cho_chrx_1933_0003_057_0000;Summaries of Leading Articles in the Chinese Press;English
cho_chrx_1933_0003_058_0000;Summaries of Leading Articles in the Chinese Press;English
cho_chrx_1933_0003_059_0000;Summaries of Leading Articles in the Chinese Press;English
cho_chrx_1933_0003_060_0000;Summaries of Leading Articles in the Chinese Press;English
cho_chrx_1933_0003_061_0000;Summaries of Leading Articles in the Chinese Press;English
cho_chrx_1933_0003_062_0000;Summaries of Leading Articles in the Chinese Press;English
cho_chrx_1933_0003_063_0000;Summaries of Leading Articles in the Chinese Press;English
cho_chrx_1933_0003_064_0000;Summaries of Leading Articles in the Chinese Press;English
cho_chrx_1933_0003_065_0000;Summaries of Leading Articles in the Chinese Press;English
cho_chrx_1933_0003_066_0000;Summaries of Leading Articles in the Chinese Press;English
cho_chrx_1933_0003_067_0000;Summaries of Leading Articles in the Chinese Press;English
cho_chrx_1933_0003_068_0000;Summaries of Leading Articles in the Chinese Press;English
cho_chrx_1933_0003_069_0000;Summaries of Leading Articles in the Chinese Press;English
cho_chrx_1933_0003_070_0000;Summaries of Leading Articles in the Chinese Press;English
cho_chrx_1934_0000_000_0000;The Saar Plebiscite;English
cho_chrx_1934_0004_001_0000;Summaries of Leading Articles in the Chinese Press;English
cho_chrx_1934_0004_002_0000;Summaries of Leading Articles in the Chinese Press;English
cho_chrx_1934_0004_003_0000;Summaries of Leading Articles in the Chinese Press;English
cho_chrx_1934_0004_004_0000;Summaries of Leading Articles in the Chinese Press;English
cho_chrx_1934_0004_005_0000;Summaries of Leading Articles in the Chinese Press;English
cho_chrx_1934_0004_006_0000;Summaries of Leading Articles in the Chinese Press;English
cho_chrx_1934_0004_007_0000;Summaries of Leading Articles in the Chinese Press;English
cho_chrx_1934_0004_008_0000;Summaries of Leading Articles in the Chinese Press;English
cho_chrx_1934_0004_009_0000;Summaries of Leading Articles in the Chinese Press;English
cho_chrx_1934_0004_010_0000;Summaries of Leading Articles in the Chinese Press;English
cho_chrx_1934_0004_011_0000;Summaries of Leading Articles in the Chinese Press;English
cho_chrx_1934_0004_012_0000;Summaries of Leading Articles in the Chinese Press;English
cho_chrx_1934_0004_013_0000;Summaries of Leading Articles in the Chinese Press;English
cho_chrx_1934_0004_014_0000;Summaries of Leading Articles in the Chinese Press;English
cho_chrx_1934_0004_015_0000;Summaries of Leading Articles in the Chinese Press;English
cho_chrx_1934_0004_016_0000;Summaries of Leading Articles in the Chinese Press;English
cho_chrx_1934_0004_017_0000;Summaries of Leading Articles in the Chinese Press;English
cho_chrx_1934_0004_018_0000;Summaries of Leading Articles in the Chinese Press;English
cho_chrx_1934_0004_019_0000;Summaries of Leading Articles in the Chinese Press;English
cho_chrx_1934_0004_020_0000;Summaries of Leading Articles in the Chinese Press;English
cho_chrx_1934_0004_021_0000;Summaries of Leading Articles in the Chinese Press;English
cho_chrx_1934_0004_022_0000;Summaries of Leading Articles in the Chinese Press;English
cho_chrx_1934_0004_023_0000;Summaries of Leading Articles in the Chinese Press;English
cho_chrx_1934_0004_024_0000;Summaries of Leading Articles in the Chinese Press;English
cho_chrx_1934_0004_025_0000;Summaries of Leading Articles in the Chinese Press;English
cho_chrx_1934_0004_026_0000;Summaries of Leading Articles in the Chinese Press;English
cho_chrx_1935_0005_001_0000;Summaries of Leading Articles in the Chinese Press;English
cho_chrx_1935_0005_002_0000;Summaries of Leading Articles in the Chinese Press;English
cho_chrx_1935_0005_003_0000;Summaries of Leading Articles in the Chinese Press;English
cho_chrx_1935_0005_004_0000;Summaries of Leading Articles in the Chinese Press;English
cho_chrx_1935_0005_005_0000;Summaries of Leading Articles in the Chinese Press;English
cho_chrx_1935_0005_006_0000;Summaries of Leading Articles in the Chinese Press;English
cho_chrx_1935_0005_007_0000;Summaries of Leading Articles in the Chinese Press;English
cho_chrx_1935_0005_008_0000;Summaries of Leading Articles in the Chinese Press;English
cho_chrx_1935_0005_009_0000;Summaries of Leading Articles in the Chinese Press;English
cho_chrx_1935_0005_010_0000;Summaries of Leading Articles in the Chinese Press;English
cho_chrx_1935_0005_011_0000;Summaries of Leading Articles in the Chinese Press;English
cho_chrx_1935_0005_012_0000;Summaries of Leading Articles in the Chinese Press;English
cho_chrx_1935_0005_013_0000;Summaries of Leading Articles in the Chinese Press;English
cho_chrx_1935_0005_014_0000;Summaries of Leading Articles in the Chinese Press;English
cho_chrx_1935_0005_015_0000;Summaries of Leading Articles in the Chinese Press;English
cho_chrx_1935_0005_016_0000;Summaries of Leading Articles in the Chinese Press;English
cho_chrx_1935_0005_017_0000;Summaries of Leading Articles in the Chinese Press;English
cho_chrx_1935_0005_018_0000;Summaries of Leading Articles in the Chinese Press;English
cho_chrx_1935_0005_019_0000;Summaries of Leading Articles in the Chinese Press;English
cho_chrx_1935_0005_020_0000;Summaries of Leading Articles in the Chinese Press;English
cho_chrx_1935_0005_021_0000;Summaries of Leading Articles in the Chinese Press;English
cho_chrx_1935_0005_022_0000;Summaries of Leading Articles in the Chinese Press;English
cho_chrx_1935_0005_023_0000;Summaries of Leading Articles in the Chinese Press;English
cho_chrx_1935_0005_024_0000;Summaries of Leading Articles in the Chinese Press;English
cho_chrx_1936_0006_001_0000;Summaries of Leading Articles in the Chinese Press;English
cho_chrx_1936_0006_002_0000;Summaries of Leading Articles in the Chinese Press;English
cho_chrx_1936_0006_003_0000;Summaries of Leading Articles in the Chinese Press;English
cho_chrx_1936_0006_004_0000;Summaries of Leading Articles in the Chinese Press;English
cho_chrx_1936_0006_005_0000;Summaries of Leading Articles in the Chinese Press;English
cho_chrx_1936_0006_006_0000;Summaries of Leading Articles in the Chinese Press;English
cho_chrx_1936_0006_007_0000;Summaries of Leading Articles in the Chinese Press;English
cho_chrx_1936_0006_008_0000;Summaries of Leading Articles in the Chinese Press;English
cho_chrx_1936_0006_009_0000;Summaries of Leading Articles in the Chinese Press;English
cho_chrx_1936_0006_010_0000;Summaries of Leading Articles in the Chinese Press;English
cho_chrx_1936_0006_011_0000;Summaries of Leading Articles in the Chinese Press;English
cho_chrx_1936_0006_012_0000;Summaries of Leading Articles in the Chinese Press;English
cho_chrx_1936_0006_013_0000;Summaries of Leading Articles in the Chinese Press;English
cho_chrx_1936_0006_014_0000;Summaries of Leading Articles in the Chinese Press;English
cho_chrx_1936_0006_015_0000;Summaries of Leading Articles in the Chinese Press;English
cho_chrx_1936_0006_016_0000;Summaries of Leading Articles in the Chinese Press;English
cho_chrx_1936_0006_017_0000;Summaries of Leading Articles in the Chinese Press;English
cho_chrx_1936_0006_018_0000;Summaries of Leading Articles in the Chinese Press;English
cho_chrx_1936_0006_019_0000;Summaries of Leading Articles in the Chinese Press;English
cho_chrx_1936_0006_020_0000;Summaries of Leading Articles in the Chinese Press;English
cho_chrx_1936_0006_021_0000;Summaries of Leading Articles in the Chinese Press;English
cho_chrx_1936_0006_022_0000;Summaries of Leading Articles in the Chinese Press;English
cho_chrx_1936_0006_023_0000;Summaries of Leading Articles in the Chinese Press;English
cho_chrx_1937_0007_001_0000;Summaries of Leading Articles in the Chinese Press;English
cho_chrx_1937_0007_002_0000;Summaries of Leading Articles in the Chinese Press;English
cho_chrx_1937_0007_003_0000;Summaries of Leading Articles in the Chinese Press;English
cho_chrx_1937_0007_004_0000;Summaries of Leading Articles in the Chinese Press;English
cho_chrx_1937_0007_005_0000;Summaries of Leading Articles in the Chinese Press;English
cho_chrx_1937_0007_006_0000;Summaries of Leading Articles in the Chinese Press;English
cho_chrx_1937_0007_007_0000;Summaries of Leading Articles in the Chinese Press;English
cho_chrx_1937_0007_008_0000;Summaries of Leading Articles in the Chinese Press;English
cho_chrx_1937_0007_009_0000;Summaries of Leading Articles in the Chinese Press;English
cho_chrx_1937_0007_010_0000;Summaries of Leading Articles in the Chinese Press;English
cho_chrx_1937_0007_011_0000;Summaries of Leading Articles in the Chinese Press;English
cho_chrx_1938_0000_001_0000;The U. S. S. R.;English
cho_chrx_1951_leubuscher_000_0000;British Studies on Asian Countries;English
cho_chrx_1956_0001_001_0000;Department of Racial Studies Index & Chronology to African Press Summaries;English
cho_chrx_1956_0001_001_0000;Race Relations Summary of News and Comment from the African Press;English
cho_chrx_1956_0001_002_0000;Department of Racial Studies Index to African Press Summaries;English
cho_chrx_1956_0001_002_0000;Race Relations Summary of News and Comment from the African Press;English
cho_chrx_1956_0001_003_0000;Race Relations Department Summary of Press News and Comment from Central & South Africa & Kenya;English
cho_chrx_1956_0001_003_0000;Race Relations Summary of News and Comment from the African Press;English
cho_chrx_1956_0001_004_0000;Race Relations Department Summary of Press News and Comment from Central & South Africa & Kenya;English
cho_chrx_1956_0001_004_0000;Race Relations Summary of News and Comment from the African Press;English
cho_chrx_1956_0001_005_0000;Race Relations Department Summary of Press News and Comment from Central & South Africa & Kenya;English
cho_chrx_1956_0001_005_0000;Summary of News and Comment on Race Relations from the African Press;English
cho_chrx_1956_0001_006_0000;Race Relations Department Summary of Press News and Comment from Central & South Africa & Kenya;English
cho_chrx_1956_0001_006_0000;Summary of News and Comment on Race Relations from the African Press;English
cho_chrx_1956_0001_007_0000;Race Relations Department Summary of Press News and Comment from Central & South Africa, August 1956 and Kenya, June - August 1956;English
cho_chrx_1956_0001_007_0000;Summary of News and Comment on Race Relations from the African Newspapers;English
cho_chrx_1956_0001_008_0000;Race Relations Department Summary of Press Meet and Comment from Central and South Africa;English
cho_chrx_1956_0001_008_0000;Summary of Race Relations News from African Newspapers;English
cho_chrx_1956_0001_009_0000;Race Relations Department Summary of Press News and Comment from Central & South Africa & Kenya;English
cho_chrx_1956_0001_009_0000;Summary of Race Relations News from African Newspapers;English
cho_chrx_1956_0001_010_0000;Race Relations Department Summary of Press News and Comment from Central & South Africa & Kenya;English
cho_chrx_1956_0001_011_0000;Race Relations Department Summary of Press News and Comment from Central & South Africa & Kenya;English
cho_chrx_1956_0001_012_0000;Race Relations Department Summary of Press News and Comment from Central & South Africa & Kenya;English
cho_chrx_1956_0001_013_0000;Race Relations Department Summary of Press News and Comment from Central & South Africa & Kenya;English
cho_chrx_1956_0001_014_0000;Summary of Race Relations News from Papers;English
cho_chrx_1956_0001_015_0000;Summary of Race Relations News from Papers;English
cho_chrx_1978_crowson_001_0000;Non Fuel Minerals and Foreign Policy;English
cho_chrx_1979_beazley_001_0000;The Role of Western Technology in the Developement of the Soviet Unionâ€™s Chemical Industry;English
cho_chrx_1979_beazley_002_0000;Geneva Four-Power Conference, July 1955;English
cho_rpax_1921_pollard_000_0000;"""The Dominions and Foreign Affairs""";English
cho_rpax_1923_gooch_000_0000;Recent Revelations on European Diplomacy;English
cho_rpax_1929_0000_000_0000;The Roman-Vatican Settlement;English
cho_rpax_1929_wyndham_000_0000;The Problem of the West African Liquor Traffic;English
cho_rpax_1935_0000_000_0000;Abyssinia and Italy;English
cho_rpax_1935_riia_000_0000;The Economic and Financial Position of Italy;English
cho_rpax_1936_0000_000_0000;Great Britain and Egypt 1914-1936;English
cho_rpax_1936_papers_000_0000;Raw Materials and Colonies;English
cho_rpax_1938_riia_000_0000;Anglo-American Trade Relations;English
cho_rpax_1939_wood_000_0000;British Foreign Policy;English
cho_rpax_1940_papersriia_001_0000;The France Colonial Empire;English
cho_rpax_1940_papersriia_002_0000;The Italian Colonial Empire;English
cho_rpax_1941_0000_000_0000;Europe under Hitler;English
cho_rpax_1941_papers_001_0000;Arab Federation;English
cho_rpax_1941_papers_002_0000;British-American Relations over Latin American Affairs;English
cho_rpax_1941_papers_003_0000;Some Problems in Ethiopia;English
cho_rpax_1941_whyte_000_0000;Japan's Purpose in Asia;English
cho_rpax_1942_humphreys_000_0000;Latin America;English
cho_rpax_1943_0000_000_0000;The Far East and South Pacific Islands;English
cho_rpax_1943_desch_000_0000;Substitute Materials in War & Peace;English
cho_rpax_1943_mitrany_000_0000;A Working Peace System;English
cho_rpax_1943_notes_001_0000;The Middle East;English
cho_rpax_1943_notes_002_0000;North Africa;English
cho_rpax_1943_notes_003_0000;The U.S.S.R.;English
cho_rpax_1943_notes_004_0000;The U.S.A.;English
cho_rpax_1944_0000_000_0000;A Reading List for Relief Workers;English
cho_rpax_1944_0000_001_0000;Transport and Communications;English
cho_rpax_1944_cornell_000_0000;The Machinery of the Presidential Election in the U.S.A;English
cho_rpax_1944_martin_000_0000;Tradition and Transition in Chinese Politics;English
cho_rpax_1944_notes_005_0000;The Far East;English
cho_rpax_1944_notes_006_0000;South East Asia and the South Pacific Islands;English
cho_rpax_1945_0000_000_0000;Note on the Conference;English
cho_rpax_1945_charles_000_0000;Freedom from Want: The International Aspect;English
cho_rpax_1945_info_000_0000;The Balkans Together with Hungary;English
cho_rpax_1945_taylor_000_0000;Geography of an Air Age;English
cho_rpax_1945_whyte_000_0000;The Rise and Fall of Japan;English
cho_rpax_1946_0000_000_0000;War Casualties 1939-45;English
cho_rpax_1946_cecil_000_0000;Science and the Social Order;English
cho_rpax_1946_duncan_000_0000;International Trade;English
cho_rpax_1946_wight_000_0000;Power Politics;English
cho_rpax_1947_0000_000_0000;International Administration;English
cho_rpax_1951_leubuscher_000_0000;List of Studies in Progress on British Territories in Tropical Africa;English
cho_rpax_1953_0008_000_0000;Notes on Forces in the United Kingdom That Shape Foreign Policy;English
cho_rpax_1955_0000_001_0000;Geneva Four-Power Conference, July 1955;English
cho_rpax_1955_0000_002_0000;The Irish Republic and the British Commonwealth;English
cho_rpax_1955_brand_000_0000;Lionel Curtis, C. H.;English
cho_rpax_1955_mason_000_0000;A New Deal in East Africa;English
cho_rpax_1956_0000_000_0000;The 20th Congress of the Communist Party of the Soviet Union;English
cho_rpax_1956_0000_001_0000;Libya;English
cho_rpax_1956_0000_002_0000;On Limiting Atomic War;English
cho_rpax_1956_0000_004_0000;The Baghdad Pact;English
cho_rpax_1956_0000_005_0000;The British Caribbean;English
cho_rpax_1956_0000_006_0000;The General Agreement on Tariffs and Trade (GATT);English
cho_rpax_1956_0000_007_0000;The High Commission Territories and the Union of South Africa;English
cho_rpax_1956_0000_008_0000;The Machinery of the United States Presidential Election;English
cho_rpax_1956_benham_000_0000;The Colombo Plan: An Economic Survey;English
cho_rpax_1956_carrington_000_0000;Malaya and Singapore;English
cho_rpax_1956_carrington_001_0000;Gibraltar;English
cho_rpax_1956_carrington_001_0000;Malaya and Singapore;English
cho_rpax_1956_gsthorne_000_0000;Lionel Curtis, C. H. 1872-1955;English
cho_rpax_1956_olver_000_0000;Seato: The Manila Treaty and Western Policy in South East Asia;English
cho_rpax_1956_watt_000_0000;Britain and the Suez Canal;English
cho_rpax_1957_0000_001_0000;Cyprus;English
cho_rpax_1957_0000_002_0000;Ghana a Brief Political and Economic Survey;English
cho_rpax_1957_0000_003_0000;Sarawak Political and Economic Background;English
cho_rpax_1957_memoranda_001_0000;The High Commission Territories and the Union of South Africa;English
cho_rpax_1957_memorandariia_000_0000;The Organization for European Economic Co-Operation (OEEC);English
cho_rpax_1957_riia_002_0000;The Franchise in Rhodesia and Nyasaland: A Summary of Recent Proposals;English
cho_rpax_1958_0000_000_0000;Charter and By-Laws;English
cho_rpax_1958_0000_002_0000;The Organization for European Economic Co-Operation (OEEC);English
cho_rpax_1958_memorandariia_000_0000;Cuba: A Brief Political and Economic Survey;English
cho_rpax_1958_zauberman_000_0000;Industrial Development in Czechoslovakia, East Germany and Poland 1937 - 56;English
cho_rpax_1959_0000_000_0000;Charter and By-Laws;English
cho_rpax_1959_0000_001_0000;The Western Powers and the Middle East 1959;English
cho_rpax_1959_0000_002_0000;Venezuela;English
cho_rpax_1959_benham_001_0000;The National Income of Singapore, 1956;English
cho_rpax_1959_bolton_000_0000;Soviet Middle East Studies: An Analysis and Bibliography;English
cho_rpax_1959_bolton_001_0000;Soviet Middle East Studies: An Analysis and Bibliography;English
cho_rpax_1959_bolton_003_0000;Soviet Middle East Studies: An Analysis and Bibliography;English
cho_rpax_1959_bolton_004_0000;Soviet Middle East Studies: An Analysis and Bibliography;English
cho_rpax_1959_bolton_005_0000;Soviet Middle East Studies: An Analysis and Bibliography;English
cho_rpax_1959_bolton_006_0000;Soviet Middle East Studies: An Analysis and Bibliography;English
cho_rpax_1959_bolton_007_0000;Soviet Middle East Studies: An Analysis and Bibliography;English
cho_rpax_1959_bolton_008_0000;Soviet Middle East Studies: An Analysis and Bibliography;English
cho_rpax_1959_carrington_000_0000;Chatham House and its Neighbours;English
cho_rpax_1959_kelly_000_0000;Sultanate and Imamate in Oman;English
cho_rpax_1959_memoranda_000_0000;Cyprus;English
cho_rpax_1960_ahmad_000_0000;China and Tibet, 1708-1959;English
cho_rpax_1960_baster_000_0000;The Introduction of Western Economic Institutions into the Middle East;English
cho_rpax_1960_carrington_000_0000;Disputes between Members of the Commonwealth;English
cho_rpax_1960_cornell_001_0000;The Machinery of the United States Presidential Election;English
cho_rpax_1960_cornell_002_0000;Russia and the Western Powers in the Post-War World;English
cho_rpax_1961_memoranda_001_0000;Soviet African Studies, 1918-59: An Annotated Bibliography;English
cho_rpax_1961_memoranda_002_0000;Soviet African Studies, 1918-59: An Annotated Bibliography;English
cho_rpax_1961_owen_000_0000;Libya;English
cho_rpax_1962_hoskyns_000_0000;The Congo a Chronology of Events January 1960 - December 1961;English
cho_rpax_1962_memoranda_001_0000;The African Economy Developments since 1950;English
cho_rpax_1962_memoranda_002_0000;Agrarian Reform in Latin America;English
cho_rpax_1964_gittings_000_0000;The Sino-Soviet Dispute, 1956-63;English
cho_rpax_1964_hallstein_000_0000;"Some of our ""Faux Probemes""";English
cho_rpax_1965_symonds_000_0000;Southern Rhodesia Background to Crises;English
cho_rpax_1967_gorell_000_0000;Europe and the Developing World;English
cho_rpax_1968_0000_000_0000;Conference on British and European Interest in the Middle East in the next decade;English
cho_rpax_1969_0000_000_0000;Charter and By-Laws;English
cho_rpax_1969_0000_001_0000;Guide to Authors of Chatham House Publications;English
cho_rpax_1969_hussain_000_0000;Speech of his Majesty King Hussein I of the Hashemite Kingdom of Jordan;English
cho_rpax_1969_oliver_000_0000;Suggestions for Editing Academic Books on Current Affairs;English
cho_rpax_1970_royal_001_0000;Register of Current Research into European Integration;English
cho_rpax_1970_royal_002_0000;Register of Current Research Into European Integration;English
cho_rpax_1970_royal_003_0000;Register of Current Research into European Integration;English
cho_rpax_1970_royal_004_0000;Register of Current Research into European Integration;English
cho_rpax_1970_royal_005_0000;Register of Current Research into European Integration;English
cho_rpax_1970_royal_006_0000;Register of Current Research into European Integration;English
cho_rpax_1970_royal_007_0000;Register of Current Research into European Integration;English
cho_rpax_1970_royal_008_0000;Register of Current Research into European Integration;English
cho_rpax_1970_royal_009_0000;Register of Current Research Into Problems of European Integration;English
cho_rpax_1970_royal_010_0000;2nd Register of Current Research in European Studies in the UK;English
cho_rpax_1970_royal_011_0000;Register of Current Research into Problems of European Integration;English
cho_rpax_1973_benedict_000_0000;Multinational Companies: Their Relations with the Workers;English
cho_rpax_1973_blanpain_000_0000;Security of Employment: A Comparative Study;English
cho_rpax_1973_gamillscheg_000_0000;Employee Participation: An Outline of the German Experience;English
cho_rpax_1973_lester_000_0000;Nuclear Power Plant Lead-Times;English
cho_rpax_1977_owen_000_0000;Speech for Delivery by the Foreign and Commonwealth Secretary, the Right Honourable Dr. David Owen MP, to the Royal Institute of International Affairs on 19 May 1977;English
cho_rpax_1978_0000_000_0000;International Consultative Group on Nuclear Energy;English
cho_rpax_1978_fox_000_0000;International Custody of Plutonium Stocks: A First Step toward an International Regime for Sensitive Nuclear Energy Activities;English
cho_rpax_1978_goldschimdt_000_0000;Peaceful Nuclear Relations: A Study of the Creation and the Erosion of Confidence;English
cho_rpax_1979_davis_000_0000;Financing the Third World Depth;English
cho_rpax_1979_fisher_000_0000;International Safeguards 1979;English
cho_rpax_1979_forsyth_000_0000;A Policy for Sterling;English
cho_rpax_1979_freedman_000_0000;The West and the modernization of China;English
cho_rpax_1979_hodgson_000_0000;Congress and American Foreign Policy;English
cho_rpax_1979_khan_000_0000;Nuclear Energy and International Cooperation: A Third World Perception of the Erosion of Confidence;English
cho_rpax_1979_manser_000_0000;Technology Transfer to Developing Countries;English
cho_chrx_1956_0001_027_0000;Race Relations Department Summary of Press News and Comment from Central & South Africa & Kenya;English
cho_rpax_1935_0000_001_0000;Chatham House Library;English
cho_rpax_1938_0000_000_0000;Chatham House Library and Presscutting Service;English
cho_rpax_1944_pamphlets_001_0000;Britain and the World;English
cho_rpax_1945_info_001_0000;The Balkans Together with Hungary;English
cho_rpax_1945_pamphlets_002_0000;International Law;English
cho_rpax_1945_stannard_000_0000;What is a Nation?;English
cho_rpax_1946_price_000_0000;Foreign Affairs and the Public;English
cho_rpax_1953_0000_000_0000;Notes on Forces in the United Kingdom That Shape Foreign Policy;English
cho_rpax_1954_0000_000_0000;French Policy towards Germany since the War;English
cho_rpax_1955_woodward_000_0000;Some Reflections on British Policy, 1939-45;English
cho_rpax_1959_bolton_002_0000;Soviet Middle East Studies: An Analysis and Bibliography;English
cho_rpax_1959_carrington_001_0000;The Commonwealth Relations Conference 1959;English
cho_chrx_1942_0000_000_0000;The New Europe Circle: How Can Adequate Standards of Living Be Achieved?;English
cho_chrx_1956_0001_016_0000;Race Relations Summary of News and Comment from the African Press;English
cho_chrx_1956_0001_017_0000;Department of Racial Studies Index to African Press Summaries;English
cho_chrx_1956_0001_018_0000;Race Relations Department Summary of Press News and Comment from Central & South Africa & Kenya;English
cho_chrx_1956_0001_019_0000;Race Relations Department Summary of Press News and Comment from Central & South Africa & Kenya;English
cho_chrx_1956_0001_020_0000;Race Relations Department Summary of Press News and Comment from Central & South Africa & Kenya;English
cho_chrx_1956_0001_021_0000;Race Relations Department Summary of Press News and Comment from Central & South Africa & Kenya;English
cho_chrx_1956_0001_022_0000;Race Relations Department Summary of Press News and Comment from Central & South Africa, August ;English
cho_chrx_1956_0001_023_0000;Race Relations Department Summary of Press Meet and Comment from Central and South Africa;English
cho_chrx_1956_0001_024_0000;Race Relations Department Summary of Press News and Comment from Central & South Africa & Kenya;English
cho_chrx_1956_0001_025_0000;Race Relations Department Summary of Press News and Comment from Central & South Africa & Kenya;English
cho_chrx_1956_0001_026_0000;Race Relations Department Summary of Press News and Comment from Central & South Africa & Kenya;English
cho_chrx_1956_0001_028_0000;Race Relations Department Summary of Press News and Comment from Central & South Africa & Kenya;English
cho_chrx_1978_crowson_002_0000;Non Fuel Minerals and Foreign Policy;English
cho_chrx_1978_crowson_003_0000;Non Fuel Minerals and Foreign Policy;English
cho_chbp_1979_briefings_000_0000;Foreign Policy and the New Government;English
